current_basename,raspa_basename,connectivity,metal,subset,topology,linker_no,linker_label,linker_id,source_relative_path,package_structure_path
ceq-TiCo-1-10,ceq-TiCo-N10-N1-3c-D3h,3-c,TiCo,3-c,ceq,1,N1,10,TiCo/3-c/ceq-TiCo-1-10.cif,structures/TiCo/3-c/ceq-TiCo-1-10.cif
ceq-TiCo-10-333,ceq-TiCo-N333-N8-3c-D3,3-c,TiCo,3-c,ceq,10,N10,333,TiCo/3-c/ceq-TiCo-10-333.cif,structures/TiCo/3-c/ceq-TiCo-10-333.cif
ceq-TiCo-11-516,ceq-TiCo-N516-N24-3c-C3,3-c,TiCo,3-c,ceq,11,N11,516,TiCo/3-c/ceq-TiCo-11-516.cif,structures/TiCo/3-c/ceq-TiCo-11-516.cif
ceq-TiCo-12-639,ceq-TiCo-N639-N7-3c-D3h,3-c,TiCo,3-c,ceq,12,N12,639,TiCo/3-c/ceq-TiCo-12-639.cif,structures/TiCo/3-c/ceq-TiCo-12-639.cif
ceq-TiCo-13-126,ceq-TiCo-N126-N11-3c-C3h,3-c,TiCo,3-c,ceq,13,N13,126,TiCo/3-c/ceq-TiCo-13-126.cif,structures/TiCo/3-c/ceq-TiCo-13-126.cif
ceq-TiCo-2-19,ceq-TiCo-N19-N2-3c-D3h,3-c,TiCo,3-c,ceq,2,N2,19,TiCo/3-c/ceq-TiCo-2-19.cif,structures/TiCo/3-c/ceq-TiCo-2-19.cif
ceq-TiCo-3-20,ceq-TiCo-N20-N3-3c-D3h,3-c,TiCo,3-c,ceq,3,N3,20,TiCo/3-c/ceq-TiCo-3-20.cif,structures/TiCo/3-c/ceq-TiCo-3-20.cif
ceq-TiCo-4-410,ceq-TiCo-N410-N9-3c-D3,3-c,TiCo,3-c,ceq,4,N4,410,TiCo/3-c/ceq-TiCo-4-410.cif,structures/TiCo/3-c/ceq-TiCo-4-410.cif
ceq-TiCo-5-386,ceq-TiCo-N386-N5-3c-D3h,3-c,TiCo,3-c,ceq,5,N5,386,TiCo/3-c/ceq-TiCo-5-386.cif,structures/TiCo/3-c/ceq-TiCo-5-386.cif
ceq-TiCo-6-225,ceq-TiCo-N225-N4-3c-D3h,3-c,TiCo,3-c,ceq,6,N6,225,TiCo/3-c/ceq-TiCo-6-225.cif,structures/TiCo/3-c/ceq-TiCo-6-225.cif
ceq-TiCo-7-592,ceq-TiCo-N592-N6-3c-D3h,3-c,TiCo,3-c,ceq,7,N7,592,TiCo/3-c/ceq-TiCo-7-592.cif,structures/TiCo/3-c/ceq-TiCo-7-592.cif
ceq-TiCo-9-130,ceq-TiCo-N130-N10-3c-C3v,3-c,TiCo,3-c,ceq,9,N9,130,TiCo/3-c/ceq-TiCo-9-130.cif,structures/TiCo/3-c/ceq-TiCo-9-130.cif
cml-TiCo-1-10,cml-TiCo-N10-N1-3c-D3h,3-c,TiCo,3-c,cml,1,N1,10,TiCo/3-c/cml-TiCo-1-10.cif,structures/TiCo/3-c/cml-TiCo-1-10.cif
cml-TiCo-10-333,cml-TiCo-N333-N8-3c-D3,3-c,TiCo,3-c,cml,10,N10,333,TiCo/3-c/cml-TiCo-10-333.cif,structures/TiCo/3-c/cml-TiCo-10-333.cif
cml-TiCo-11-516,cml-TiCo-N516-N24-3c-C3,3-c,TiCo,3-c,cml,11,N11,516,TiCo/3-c/cml-TiCo-11-516.cif,structures/TiCo/3-c/cml-TiCo-11-516.cif
cml-TiCo-12-639,cml-TiCo-N639-N7-3c-D3h,3-c,TiCo,3-c,cml,12,N12,639,TiCo/3-c/cml-TiCo-12-639.cif,structures/TiCo/3-c/cml-TiCo-12-639.cif
cml-TiCo-13-126,cml-TiCo-N126-N11-3c-C3h,3-c,TiCo,3-c,cml,13,N13,126,TiCo/3-c/cml-TiCo-13-126.cif,structures/TiCo/3-c/cml-TiCo-13-126.cif
cml-TiCo-2-19,cml-TiCo-N19-N2-3c-D3h,3-c,TiCo,3-c,cml,2,N2,19,TiCo/3-c/cml-TiCo-2-19.cif,structures/TiCo/3-c/cml-TiCo-2-19.cif
cml-TiCo-3-20,cml-TiCo-N20-N3-3c-D3h,3-c,TiCo,3-c,cml,3,N3,20,TiCo/3-c/cml-TiCo-3-20.cif,structures/TiCo/3-c/cml-TiCo-3-20.cif
cml-TiCo-4-410,cml-TiCo-N410-N9-3c-D3,3-c,TiCo,3-c,cml,4,N4,410,TiCo/3-c/cml-TiCo-4-410.cif,structures/TiCo/3-c/cml-TiCo-4-410.cif
cml-TiCo-5-386,cml-TiCo-N386-N5-3c-D3h,3-c,TiCo,3-c,cml,5,N5,386,TiCo/3-c/cml-TiCo-5-386.cif,structures/TiCo/3-c/cml-TiCo-5-386.cif
cml-TiCo-6-225,cml-TiCo-N225-N4-3c-D3h,3-c,TiCo,3-c,cml,6,N6,225,TiCo/3-c/cml-TiCo-6-225.cif,structures/TiCo/3-c/cml-TiCo-6-225.cif
cml-TiCo-7-592,cml-TiCo-N592-N6-3c-D3h,3-c,TiCo,3-c,cml,7,N7,592,TiCo/3-c/cml-TiCo-7-592.cif,structures/TiCo/3-c/cml-TiCo-7-592.cif
cml-TiCo-9-130,cml-TiCo-N130-N10-3c-C3v,3-c,TiCo,3-c,cml,9,N9,130,TiCo/3-c/cml-TiCo-9-130.cif,structures/TiCo/3-c/cml-TiCo-9-130.cif
dag-TiCo-1-10,dag-TiCo-N10-N1-3c-D3h,3-c,TiCo,3-c,dag,1,N1,10,TiCo/3-c/dag-TiCo-1-10.cif,structures/TiCo/3-c/dag-TiCo-1-10.cif
dag-TiCo-10-333,dag-TiCo-N333-N8-3c-D3,3-c,TiCo,3-c,dag,10,N10,333,TiCo/3-c/dag-TiCo-10-333.cif,structures/TiCo/3-c/dag-TiCo-10-333.cif
dag-TiCo-11-516,dag-TiCo-N516-N24-3c-C3,3-c,TiCo,3-c,dag,11,N11,516,TiCo/3-c/dag-TiCo-11-516.cif,structures/TiCo/3-c/dag-TiCo-11-516.cif
dag-TiCo-12-639,dag-TiCo-N639-N7-3c-D3h,3-c,TiCo,3-c,dag,12,N12,639,TiCo/3-c/dag-TiCo-12-639.cif,structures/TiCo/3-c/dag-TiCo-12-639.cif
dag-TiCo-13-126,dag-TiCo-N126-N11-3c-C3h,3-c,TiCo,3-c,dag,13,N13,126,TiCo/3-c/dag-TiCo-13-126.cif,structures/TiCo/3-c/dag-TiCo-13-126.cif
dag-TiCo-2-19,dag-TiCo-N19-N2-3c-D3h,3-c,TiCo,3-c,dag,2,N2,19,TiCo/3-c/dag-TiCo-2-19.cif,structures/TiCo/3-c/dag-TiCo-2-19.cif
dag-TiCo-3-20,dag-TiCo-N20-N3-3c-D3h,3-c,TiCo,3-c,dag,3,N3,20,TiCo/3-c/dag-TiCo-3-20.cif,structures/TiCo/3-c/dag-TiCo-3-20.cif
dag-TiCo-4-410,dag-TiCo-N410-N9-3c-D3,3-c,TiCo,3-c,dag,4,N4,410,TiCo/3-c/dag-TiCo-4-410.cif,structures/TiCo/3-c/dag-TiCo-4-410.cif
dag-TiCo-5-386,dag-TiCo-N386-N5-3c-D3h,3-c,TiCo,3-c,dag,5,N5,386,TiCo/3-c/dag-TiCo-5-386.cif,structures/TiCo/3-c/dag-TiCo-5-386.cif
dag-TiCo-6-225,dag-TiCo-N225-N4-3c-D3h,3-c,TiCo,3-c,dag,6,N6,225,TiCo/3-c/dag-TiCo-6-225.cif,structures/TiCo/3-c/dag-TiCo-6-225.cif
dag-TiCo-7-592,dag-TiCo-N592-N6-3c-D3h,3-c,TiCo,3-c,dag,7,N7,592,TiCo/3-c/dag-TiCo-7-592.cif,structures/TiCo/3-c/dag-TiCo-7-592.cif
dag-TiCo-9-130,dag-TiCo-N130-N10-3c-C3v,3-c,TiCo,3-c,dag,9,N9,130,TiCo/3-c/dag-TiCo-9-130.cif,structures/TiCo/3-c/dag-TiCo-9-130.cif
fmz-TiCo-1-10,fmz-TiCo-N10-N1-3c-D3h,3-c,TiCo,3-c,fmz,1,N1,10,TiCo/3-c/fmz-TiCo-1-10.cif,structures/TiCo/3-c/fmz-TiCo-1-10.cif
fmz-TiCo-10-333,fmz-TiCo-N333-N8-3c-D3,3-c,TiCo,3-c,fmz,10,N10,333,TiCo/3-c/fmz-TiCo-10-333.cif,structures/TiCo/3-c/fmz-TiCo-10-333.cif
fmz-TiCo-11-516,fmz-TiCo-N516-N24-3c-C3,3-c,TiCo,3-c,fmz,11,N11,516,TiCo/3-c/fmz-TiCo-11-516.cif,structures/TiCo/3-c/fmz-TiCo-11-516.cif
fmz-TiCo-12-639,fmz-TiCo-N639-N7-3c-D3h,3-c,TiCo,3-c,fmz,12,N12,639,TiCo/3-c/fmz-TiCo-12-639.cif,structures/TiCo/3-c/fmz-TiCo-12-639.cif
fmz-TiCo-13-126,fmz-TiCo-N126-N11-3c-C3h,3-c,TiCo,3-c,fmz,13,N13,126,TiCo/3-c/fmz-TiCo-13-126.cif,structures/TiCo/3-c/fmz-TiCo-13-126.cif
fmz-TiCo-2-19,fmz-TiCo-N19-N2-3c-D3h,3-c,TiCo,3-c,fmz,2,N2,19,TiCo/3-c/fmz-TiCo-2-19.cif,structures/TiCo/3-c/fmz-TiCo-2-19.cif
fmz-TiCo-3-20,fmz-TiCo-N20-N3-3c-D3h,3-c,TiCo,3-c,fmz,3,N3,20,TiCo/3-c/fmz-TiCo-3-20.cif,structures/TiCo/3-c/fmz-TiCo-3-20.cif
fmz-TiCo-4-410,fmz-TiCo-N410-N9-3c-D3,3-c,TiCo,3-c,fmz,4,N4,410,TiCo/3-c/fmz-TiCo-4-410.cif,structures/TiCo/3-c/fmz-TiCo-4-410.cif
fmz-TiCo-5-386,fmz-TiCo-N386-N5-3c-D3h,3-c,TiCo,3-c,fmz,5,N5,386,TiCo/3-c/fmz-TiCo-5-386.cif,structures/TiCo/3-c/fmz-TiCo-5-386.cif
fmz-TiCo-6-225,fmz-TiCo-N225-N4-3c-D3h,3-c,TiCo,3-c,fmz,6,N6,225,TiCo/3-c/fmz-TiCo-6-225.cif,structures/TiCo/3-c/fmz-TiCo-6-225.cif
fmz-TiCo-7-592,fmz-TiCo-N592-N6-3c-D3h,3-c,TiCo,3-c,fmz,7,N7,592,TiCo/3-c/fmz-TiCo-7-592.cif,structures/TiCo/3-c/fmz-TiCo-7-592.cif
fmz-TiCo-9-130,fmz-TiCo-N130-N10-3c-C3v,3-c,TiCo,3-c,fmz,9,N9,130,TiCo/3-c/fmz-TiCo-9-130.cif,structures/TiCo/3-c/fmz-TiCo-9-130.cif
hwx-TiCo-1-10,hwx-TiCo-N10-N1-3c-D3h,3-c,TiCo,3-c,hwx,1,N1,10,TiCo/3-c/hwx-TiCo-1-10.cif,structures/TiCo/3-c/hwx-TiCo-1-10.cif
hwx-TiCo-10-333,hwx-TiCo-N333-N8-3c-D3,3-c,TiCo,3-c,hwx,10,N10,333,TiCo/3-c/hwx-TiCo-10-333.cif,structures/TiCo/3-c/hwx-TiCo-10-333.cif
hwx-TiCo-11-516,hwx-TiCo-N516-N24-3c-C3,3-c,TiCo,3-c,hwx,11,N11,516,TiCo/3-c/hwx-TiCo-11-516.cif,structures/TiCo/3-c/hwx-TiCo-11-516.cif
hwx-TiCo-12-639,hwx-TiCo-N639-N7-3c-D3h,3-c,TiCo,3-c,hwx,12,N12,639,TiCo/3-c/hwx-TiCo-12-639.cif,structures/TiCo/3-c/hwx-TiCo-12-639.cif
hwx-TiCo-13-126,hwx-TiCo-N126-N11-3c-C3h,3-c,TiCo,3-c,hwx,13,N13,126,TiCo/3-c/hwx-TiCo-13-126.cif,structures/TiCo/3-c/hwx-TiCo-13-126.cif
hwx-TiCo-2-19,hwx-TiCo-N19-N2-3c-D3h,3-c,TiCo,3-c,hwx,2,N2,19,TiCo/3-c/hwx-TiCo-2-19.cif,structures/TiCo/3-c/hwx-TiCo-2-19.cif
hwx-TiCo-3-20,hwx-TiCo-N20-N3-3c-D3h,3-c,TiCo,3-c,hwx,3,N3,20,TiCo/3-c/hwx-TiCo-3-20.cif,structures/TiCo/3-c/hwx-TiCo-3-20.cif
hwx-TiCo-4-410,hwx-TiCo-N410-N9-3c-D3,3-c,TiCo,3-c,hwx,4,N4,410,TiCo/3-c/hwx-TiCo-4-410.cif,structures/TiCo/3-c/hwx-TiCo-4-410.cif
hwx-TiCo-5-386,hwx-TiCo-N386-N5-3c-D3h,3-c,TiCo,3-c,hwx,5,N5,386,TiCo/3-c/hwx-TiCo-5-386.cif,structures/TiCo/3-c/hwx-TiCo-5-386.cif
hwx-TiCo-6-225,hwx-TiCo-N225-N4-3c-D3h,3-c,TiCo,3-c,hwx,6,N6,225,TiCo/3-c/hwx-TiCo-6-225.cif,structures/TiCo/3-c/hwx-TiCo-6-225.cif
hwx-TiCo-7-592,hwx-TiCo-N592-N6-3c-D3h,3-c,TiCo,3-c,hwx,7,N7,592,TiCo/3-c/hwx-TiCo-7-592.cif,structures/TiCo/3-c/hwx-TiCo-7-592.cif
hwx-TiCo-9-130,hwx-TiCo-N130-N10-3c-C3v,3-c,TiCo,3-c,hwx,9,N9,130,TiCo/3-c/hwx-TiCo-9-130.cif,structures/TiCo/3-c/hwx-TiCo-9-130.cif
sab-TiCo-1-10,sab-TiCo-N10-N1-3c-D3h,3-c,TiCo,3-c,sab,1,N1,10,TiCo/3-c/sab-TiCo-1-10.cif,structures/TiCo/3-c/sab-TiCo-1-10.cif
sab-TiCo-10-333,sab-TiCo-N333-N8-3c-D3,3-c,TiCo,3-c,sab,10,N10,333,TiCo/3-c/sab-TiCo-10-333.cif,structures/TiCo/3-c/sab-TiCo-10-333.cif
sab-TiCo-11-516,sab-TiCo-N516-N24-3c-C3,3-c,TiCo,3-c,sab,11,N11,516,TiCo/3-c/sab-TiCo-11-516.cif,structures/TiCo/3-c/sab-TiCo-11-516.cif
sab-TiCo-12-639,sab-TiCo-N639-N7-3c-D3h,3-c,TiCo,3-c,sab,12,N12,639,TiCo/3-c/sab-TiCo-12-639.cif,structures/TiCo/3-c/sab-TiCo-12-639.cif
sab-TiCo-13-126,sab-TiCo-N126-N11-3c-C3h,3-c,TiCo,3-c,sab,13,N13,126,TiCo/3-c/sab-TiCo-13-126.cif,structures/TiCo/3-c/sab-TiCo-13-126.cif
sab-TiCo-2-19,sab-TiCo-N19-N2-3c-D3h,3-c,TiCo,3-c,sab,2,N2,19,TiCo/3-c/sab-TiCo-2-19.cif,structures/TiCo/3-c/sab-TiCo-2-19.cif
sab-TiCo-3-20,sab-TiCo-N20-N3-3c-D3h,3-c,TiCo,3-c,sab,3,N3,20,TiCo/3-c/sab-TiCo-3-20.cif,structures/TiCo/3-c/sab-TiCo-3-20.cif
sab-TiCo-4-410,sab-TiCo-N410-N9-3c-D3,3-c,TiCo,3-c,sab,4,N4,410,TiCo/3-c/sab-TiCo-4-410.cif,structures/TiCo/3-c/sab-TiCo-4-410.cif
sab-TiCo-5-386,sab-TiCo-N386-N5-3c-D3h,3-c,TiCo,3-c,sab,5,N5,386,TiCo/3-c/sab-TiCo-5-386.cif,structures/TiCo/3-c/sab-TiCo-5-386.cif
sab-TiCo-6-225,sab-TiCo-N225-N4-3c-D3h,3-c,TiCo,3-c,sab,6,N6,225,TiCo/3-c/sab-TiCo-6-225.cif,structures/TiCo/3-c/sab-TiCo-6-225.cif
sab-TiCo-7-592,sab-TiCo-N592-N6-3c-D3h,3-c,TiCo,3-c,sab,7,N7,592,TiCo/3-c/sab-TiCo-7-592.cif,structures/TiCo/3-c/sab-TiCo-7-592.cif
sab-TiCo-9-130,sab-TiCo-N130-N10-3c-C3v,3-c,TiCo,3-c,sab,9,N9,130,TiCo/3-c/sab-TiCo-9-130.cif,structures/TiCo/3-c/sab-TiCo-9-130.cif
sit-TiCo-1-10,sit-TiCo-N10-N1-3c-D3h,3-c,TiCo,3-c,sit,1,N1,10,TiCo/3-c/sit-TiCo-1-10.cif,structures/TiCo/3-c/sit-TiCo-1-10.cif
sit-TiCo-10-333,sit-TiCo-N333-N8-3c-D3,3-c,TiCo,3-c,sit,10,N10,333,TiCo/3-c/sit-TiCo-10-333.cif,structures/TiCo/3-c/sit-TiCo-10-333.cif
sit-TiCo-11-516,sit-TiCo-N516-N24-3c-C3,3-c,TiCo,3-c,sit,11,N11,516,TiCo/3-c/sit-TiCo-11-516.cif,structures/TiCo/3-c/sit-TiCo-11-516.cif
sit-TiCo-12-639,sit-TiCo-N639-N7-3c-D3h,3-c,TiCo,3-c,sit,12,N12,639,TiCo/3-c/sit-TiCo-12-639.cif,structures/TiCo/3-c/sit-TiCo-12-639.cif
sit-TiCo-13-126,sit-TiCo-N126-N11-3c-C3h,3-c,TiCo,3-c,sit,13,N13,126,TiCo/3-c/sit-TiCo-13-126.cif,structures/TiCo/3-c/sit-TiCo-13-126.cif
sit-TiCo-2-19,sit-TiCo-N19-N2-3c-D3h,3-c,TiCo,3-c,sit,2,N2,19,TiCo/3-c/sit-TiCo-2-19.cif,structures/TiCo/3-c/sit-TiCo-2-19.cif
sit-TiCo-3-20,sit-TiCo-N20-N3-3c-D3h,3-c,TiCo,3-c,sit,3,N3,20,TiCo/3-c/sit-TiCo-3-20.cif,structures/TiCo/3-c/sit-TiCo-3-20.cif
sit-TiCo-4-410,sit-TiCo-N410-N9-3c-D3,3-c,TiCo,3-c,sit,4,N4,410,TiCo/3-c/sit-TiCo-4-410.cif,structures/TiCo/3-c/sit-TiCo-4-410.cif
sit-TiCo-5-386,sit-TiCo-N386-N5-3c-D3h,3-c,TiCo,3-c,sit,5,N5,386,TiCo/3-c/sit-TiCo-5-386.cif,structures/TiCo/3-c/sit-TiCo-5-386.cif
sit-TiCo-6-225,sit-TiCo-N225-N4-3c-D3h,3-c,TiCo,3-c,sit,6,N6,225,TiCo/3-c/sit-TiCo-6-225.cif,structures/TiCo/3-c/sit-TiCo-6-225.cif
sit-TiCo-7-592,sit-TiCo-N592-N6-3c-D3h,3-c,TiCo,3-c,sit,7,N7,592,TiCo/3-c/sit-TiCo-7-592.cif,structures/TiCo/3-c/sit-TiCo-7-592.cif
sit-TiCo-9-130,sit-TiCo-N130-N10-3c-C3v,3-c,TiCo,3-c,sit,9,N9,130,TiCo/3-c/sit-TiCo-9-130.cif,structures/TiCo/3-c/sit-TiCo-9-130.cif
ydq-TiCo-1-10,ydq-TiCo-N10-N1-3c-D3h,3-c,TiCo,3-c,ydq,1,N1,10,TiCo/3-c/ydq-TiCo-1-10.cif,structures/TiCo/3-c/ydq-TiCo-1-10.cif
ydq-TiCo-10-333,ydq-TiCo-N333-N8-3c-D3,3-c,TiCo,3-c,ydq,10,N10,333,TiCo/3-c/ydq-TiCo-10-333.cif,structures/TiCo/3-c/ydq-TiCo-10-333.cif
ydq-TiCo-11-516,ydq-TiCo-N516-N24-3c-C3,3-c,TiCo,3-c,ydq,11,N11,516,TiCo/3-c/ydq-TiCo-11-516.cif,structures/TiCo/3-c/ydq-TiCo-11-516.cif
ydq-TiCo-12-639,ydq-TiCo-N639-N7-3c-D3h,3-c,TiCo,3-c,ydq,12,N12,639,TiCo/3-c/ydq-TiCo-12-639.cif,structures/TiCo/3-c/ydq-TiCo-12-639.cif
ydq-TiCo-13-126,ydq-TiCo-N126-N11-3c-C3h,3-c,TiCo,3-c,ydq,13,N13,126,TiCo/3-c/ydq-TiCo-13-126.cif,structures/TiCo/3-c/ydq-TiCo-13-126.cif
ydq-TiCo-2-19,ydq-TiCo-N19-N2-3c-D3h,3-c,TiCo,3-c,ydq,2,N2,19,TiCo/3-c/ydq-TiCo-2-19.cif,structures/TiCo/3-c/ydq-TiCo-2-19.cif
ydq-TiCo-3-20,ydq-TiCo-N20-N3-3c-D3h,3-c,TiCo,3-c,ydq,3,N3,20,TiCo/3-c/ydq-TiCo-3-20.cif,structures/TiCo/3-c/ydq-TiCo-3-20.cif
ydq-TiCo-4-410,ydq-TiCo-N410-N9-3c-D3,3-c,TiCo,3-c,ydq,4,N4,410,TiCo/3-c/ydq-TiCo-4-410.cif,structures/TiCo/3-c/ydq-TiCo-4-410.cif
ydq-TiCo-5-386,ydq-TiCo-N386-N5-3c-D3h,3-c,TiCo,3-c,ydq,5,N5,386,TiCo/3-c/ydq-TiCo-5-386.cif,structures/TiCo/3-c/ydq-TiCo-5-386.cif
ydq-TiCo-6-225,ydq-TiCo-N225-N4-3c-D3h,3-c,TiCo,3-c,ydq,6,N6,225,TiCo/3-c/ydq-TiCo-6-225.cif,structures/TiCo/3-c/ydq-TiCo-6-225.cif
ydq-TiCo-7-592,ydq-TiCo-N592-N6-3c-D3h,3-c,TiCo,3-c,ydq,7,N7,592,TiCo/3-c/ydq-TiCo-7-592.cif,structures/TiCo/3-c/ydq-TiCo-7-592.cif
ydq-TiCo-9-130,ydq-TiCo-N130-N10-3c-C3v,3-c,TiCo,3-c,ydq,9,N9,130,TiCo/3-c/ydq-TiCo-9-130.cif,structures/TiCo/3-c/ydq-TiCo-9-130.cif
fsi-TiCo-8-644-D2h-D2d,fsi-TiCo-8-644-D2h-D2d,4-c,TiCo,new,fsi,8,N8,644,TiCo/4-c-new/fsi-TiCo-8-644-D2h-D2d.cif,structures/TiCo/4-c-new/fsi-TiCo-8-644-D2h-D2d.cif
fsi-TiCo-9-201-D2h-D2d,fsi-TiCo-9-201-D2h-D2d,4-c,TiCo,new,fsi,9,N9,201,TiCo/4-c-new/fsi-TiCo-9-201-D2h-D2d.cif,structures/TiCo/4-c-new/fsi-TiCo-9-201-D2h-D2d.cif
hea-TiCo-8-644-D2h-D2d,hea-TiCo-8-644-D2h-D2d,4-c,TiCo,new,hea,8,N8,644,TiCo/4-c-new/hea-TiCo-8-644-D2h-D2d.cif,structures/TiCo/4-c-new/hea-TiCo-8-644-D2h-D2d.cif
hea-TiCo-9-201-D2h-D2d,hea-TiCo-9-201-D2h-D2d,4-c,TiCo,new,hea,9,N9,201,TiCo/4-c-new/hea-TiCo-9-201-D2h-D2d.cif,structures/TiCo/4-c-new/hea-TiCo-9-201-D2h-D2d.cif
stp-TiCo-11-662-D4h-T,stp-TiCo-11-662-D4h-T,4-c,TiCo,new,stp,11,N11,662,TiCo/4-c-new/stp-TiCo-11-662-D4h-T.cif,structures/TiCo/4-c-new/stp-TiCo-11-662-D4h-T.cif
ttp-TiCo-10-607-D2h-D2d,ttp-TiCo-10-607-D2h-D2d,4-c,TiCo,new,ttp,10,N10,607,TiCo/4-c-new/ttp-TiCo-10-607-D2h-D2d.cif,structures/TiCo/4-c-new/ttp-TiCo-10-607-D2h-D2d.cif
ttp-TiCo-4-12-D2h,ttp-TiCo-4-12-D2h,4-c,TiCo,new,ttp,4,N4,12,TiCo/4-c-new/ttp-TiCo-4-12-D2h.cif,structures/TiCo/4-c-new/ttp-TiCo-4-12-D2h.cif
ttp-TiCo-5-665-D2h,ttp-TiCo-5-665-D2h,4-c,TiCo,new,ttp,5,N5,665,TiCo/4-c-new/ttp-TiCo-5-665-D2h.cif,structures/TiCo/4-c-new/ttp-TiCo-5-665-D2h.cif
ttp-TiCo-6-614-D2h,ttp-TiCo-6-614-D2h,4-c,TiCo,new,ttp,6,N6,614,TiCo/4-c-new/ttp-TiCo-6-614-D2h.cif,structures/TiCo/4-c-new/ttp-TiCo-6-614-D2h.cif
ttp-TiCo-7-7-D2h-D2d,ttp-TiCo-7-7-D2h-D2d,4-c,TiCo,new,ttp,7,N7,7,TiCo/4-c-new/ttp-TiCo-7-7-D2h-D2d.cif,structures/TiCo/4-c-new/ttp-TiCo-7-7-D2h-D2d.cif
ttx-TiCo-10-607-D2h-D2d,ttx-TiCo-10-607-D2h-D2d,4-c,TiCo,new,ttx,10,N10,607,TiCo/4-c-new/ttx-TiCo-10-607-D2h-D2d.cif,structures/TiCo/4-c-new/ttx-TiCo-10-607-D2h-D2d.cif
ttx-TiCo-3-1-D2h,ttx-TiCo-3-1-D2h,4-c,TiCo,new,ttx,3,N3,1,TiCo/4-c-new/ttx-TiCo-3-1-D2h.cif,structures/TiCo/4-c-new/ttx-TiCo-3-1-D2h.cif
ttx-TiCo-7-7-D2h-D2d,ttx-TiCo-7-7-D2h-D2d,4-c,TiCo,new,ttx,7,N7,7,TiCo/4-c-new/ttx-TiCo-7-7-D2h-D2d.cif,structures/TiCo/4-c-new/ttx-TiCo-7-7-D2h-D2d.cif
ttx-TiCo-8-644-D2h-D2d,ttx-TiCo-8-644-D2h-D2d,4-c,TiCo,new,ttx,8,N8,644,TiCo/4-c-new/ttx-TiCo-8-644-D2h-D2d.cif,structures/TiCo/4-c-new/ttx-TiCo-8-644-D2h-D2d.cif
ttx-TiCo-9-201-D2h-D2d,ttx-TiCo-9-201-D2h-D2d,4-c,TiCo,new,ttx,9,N9,201,TiCo/4-c-new/ttx-TiCo-9-201-D2h-D2d.cif,structures/TiCo/4-c-new/ttx-TiCo-9-201-D2h-D2d.cif
txs-TiCo-8-644-D2h-D2d,txs-TiCo-8-644-D2h-D2d,4-c,TiCo,new,txs,8,N8,644,TiCo/4-c-new/txs-TiCo-8-644-D2h-D2d.cif,structures/TiCo/4-c-new/txs-TiCo-8-644-D2h-D2d.cif
txs-TiCo-9-201-D2h-D2d,txs-TiCo-9-201-D2h-D2d,4-c,TiCo,new,txs,9,N9,201,TiCo/4-c-new/txs-TiCo-9-201-D2h-D2d.cif,structures/TiCo/4-c-new/txs-TiCo-9-201-D2h-D2d.cif
fsi-TiCo-10-607-D2h-D2d,fsi-TiCo-N607-N23-4c-D2d,4-c,TiCo,ori,fsi,10,N10,607,TiCo/4-c-ori/fsi-TiCo-10-607-D2h-D2d.cif,structures/TiCo/4-c-ori/fsi-TiCo-10-607-D2h-D2d.cif
fsi-TiCo-11-662-D4h-T,fsi-TiCo-N662-N21-4c-Td,4-c,TiCo,ori,fsi,11,N11,662,TiCo/4-c-ori/fsi-TiCo-11-662-D4h-T.cif,structures/TiCo/4-c-ori/fsi-TiCo-11-662-D4h-T.cif
fsi-TiCo-12-693-Td,fsi-TiCo-N693-N22-4c-Td,4-c,TiCo,ori,fsi,12,N12,693,TiCo/4-c-ori/fsi-TiCo-12-693-Td.cif,structures/TiCo/4-c-ori/fsi-TiCo-12-693-Td.cif
fsi-TiCo-13-600-Td,fsi-TiCo-N600-N20-4c-Td,4-c,TiCo,ori,fsi,13,N13,600,TiCo/4-c-ori/fsi-TiCo-13-600-Td.cif,structures/TiCo/4-c-ori/fsi-TiCo-13-600-Td.cif
fsi-TiCo-7-7-D2h-D2d,fsi-TiCo-N7-N25-4c-D2d,4-c,TiCo,ori,fsi,7,N7,7,TiCo/4-c-ori/fsi-TiCo-7-7-D2h-D2d.cif,structures/TiCo/4-c-ori/fsi-TiCo-7-7-D2h-D2d.cif
hea-TiCo-10-607-D2h-D2d,hea-TiCo-N607-N23-4c-D2d,4-c,TiCo,ori,hea,10,N10,607,TiCo/4-c-ori/hea-TiCo-10-607-D2h-D2d.cif,structures/TiCo/4-c-ori/hea-TiCo-10-607-D2h-D2d.cif
hea-TiCo-11-662-D4h-T,hea-TiCo-N662-N21-4c-Td,4-c,TiCo,ori,hea,11,N11,662,TiCo/4-c-ori/hea-TiCo-11-662-D4h-T.cif,structures/TiCo/4-c-ori/hea-TiCo-11-662-D4h-T.cif
hea-TiCo-12-693-Td,hea-TiCo-N693-N22-4c-Td,4-c,TiCo,ori,hea,12,N12,693,TiCo/4-c-ori/hea-TiCo-12-693-Td.cif,structures/TiCo/4-c-ori/hea-TiCo-12-693-Td.cif
hea-TiCo-13-600-Td,hea-TiCo-N600-N20-4c-Td,4-c,TiCo,ori,hea,13,N13,600,TiCo/4-c-ori/hea-TiCo-13-600-Td.cif,structures/TiCo/4-c-ori/hea-TiCo-13-600-Td.cif
hea-TiCo-7-7-D2h-D2d,hea-TiCo-N7-N25-4c-D2d,4-c,TiCo,ori,hea,7,N7,7,TiCo/4-c-ori/hea-TiCo-7-7-D2h-D2d.cif,structures/TiCo/4-c-ori/hea-TiCo-7-7-D2h-D2d.cif
stp-TiCo-1-445-D4h,stp-TiCo-N445-N13-4c-D4h,4-c,TiCo,ori,stp,1,N1,445,TiCo/4-c-ori/stp-TiCo-1-445-D4h.cif,structures/TiCo/4-c-ori/stp-TiCo-1-445-D4h.cif
stp-TiCo-2-13-D4h,stp-TiCo-N13-N12-4c-D4h,4-c,TiCo,ori,stp,2,N2,13,TiCo/4-c-ori/stp-TiCo-2-13-D4h.cif,structures/TiCo/4-c-ori/stp-TiCo-2-13-D4h.cif
ttp-TiCo-3-1-D2h,stp-TiCo-N1-N14-4c-D2h,4-c,TiCo,ori,ttp,3,N3,1,TiCo/4-c-ori/ttp-TiCo-3-1-D2h.cif,structures/TiCo/4-c-ori/ttp-TiCo-3-1-D2h.cif
ttp-TiCo-8-644-D2h-D2d,stp-TiCo-N644-N18-4c-D2h,4-c,TiCo,ori,ttp,8,N8,644,TiCo/4-c-ori/ttp-TiCo-8-644-D2h-D2d.cif,structures/TiCo/4-c-ori/ttp-TiCo-8-644-D2h-D2d.cif
ttp-TiCo-9-201-D2h-D2d,stp-TiCo-N201-N16-4c-D2h,4-c,TiCo,ori,ttp,9,N9,201,TiCo/4-c-ori/ttp-TiCo-9-201-D2h-D2d.cif,structures/TiCo/4-c-ori/ttp-TiCo-9-201-D2h-D2d.cif
ttx-TiCo-4-12-D2h,stp-TiCo-N12-N15-4c-D2h,4-c,TiCo,ori,ttx,4,N4,12,TiCo/4-c-ori/ttx-TiCo-4-12-D2h.cif,structures/TiCo/4-c-ori/ttx-TiCo-4-12-D2h.cif
ttx-TiCo-5-665-D2h,stp-TiCo-N665-N19-4c-D2h,4-c,TiCo,ori,ttx,5,N5,665,TiCo/4-c-ori/ttx-TiCo-5-665-D2h.cif,structures/TiCo/4-c-ori/ttx-TiCo-5-665-D2h.cif
ttx-TiCo-6-614-D2h,stp-TiCo-N614-N17-4c-D2h,4-c,TiCo,ori,ttx,6,N6,614,TiCo/4-c-ori/ttx-TiCo-6-614-D2h.cif,structures/TiCo/4-c-ori/ttx-TiCo-6-614-D2h.cif
txs-TiCo-10-607-D2h-D2d,txs-TiCo-N607-N23-4c-D2d,4-c,TiCo,ori,txs,10,N10,607,TiCo/4-c-ori/txs-TiCo-10-607-D2h-D2d.cif,structures/TiCo/4-c-ori/txs-TiCo-10-607-D2h-D2d.cif
txs-TiCo-11-662-D4h-T,txs-TiCo-N662-N21-4c-Td,4-c,TiCo,ori,txs,11,N11,662,TiCo/4-c-ori/txs-TiCo-11-662-D4h-T.cif,structures/TiCo/4-c-ori/txs-TiCo-11-662-D4h-T.cif
txs-TiCo-12-693-Td,txs-TiCo-N693-N22-4c-Td,4-c,TiCo,ori,txs,12,N12,693,TiCo/4-c-ori/txs-TiCo-12-693-Td.cif,structures/TiCo/4-c-ori/txs-TiCo-12-693-Td.cif
txs-TiCo-13-600-Td,txs-TiCo-N600-N20-4c-Td,4-c,TiCo,ori,txs,13,N13,600,TiCo/4-c-ori/txs-TiCo-13-600-Td.cif,structures/TiCo/4-c-ori/txs-TiCo-13-600-Td.cif
txs-TiCo-7-7-D2h-D2d,txs-TiCo-N7-N25-4c-D2d,4-c,TiCo,ori,txs,7,N7,7,TiCo/4-c-ori/txs-TiCo-7-7-D2h-D2d.cif,structures/TiCo/4-c-ori/txs-TiCo-7-7-D2h-D2d.cif
ceq-TiCo-TATB,ceq-TiCo-TATB,3-c,TiCo,3-c,ceq,8,N8,TATB,TiCo/TATB/ceq-TiCo-TATB.cif,structures/TiCo/TATB/ceq-TiCo-TATB.cif
cml-TiCo-TATB,cml-TiCo-TATB,3-c,TiCo,3-c,cml,8,N8,TATB,TiCo/TATB/cml-TiCo-TATB.cif,structures/TiCo/TATB/cml-TiCo-TATB.cif
dag-TiCo-TATB,dag-TiCo-TATB,3-c,TiCo,3-c,dag,8,N8,TATB,TiCo/TATB/dag-TiCo-TATB.cif,structures/TiCo/TATB/dag-TiCo-TATB.cif
fmz-TiCo-TATB,fmz-TiCo-TATB,3-c,TiCo,3-c,fmz,8,N8,TATB,TiCo/TATB/fmz-TiCo-TATB.cif,structures/TiCo/TATB/fmz-TiCo-TATB.cif
hwx-TiCo-TATB,hwx-TiCo-TATB,3-c,TiCo,3-c,hwx,8,N8,TATB,TiCo/TATB/hwx-TiCo-TATB.cif,structures/TiCo/TATB/hwx-TiCo-TATB.cif
sab-TiCo-TATB,sab-TiCo-TATB,3-c,TiCo,3-c,sab,8,N8,TATB,TiCo/TATB/sab-TiCo-TATB.cif,structures/TiCo/TATB/sab-TiCo-TATB.cif
sit-TiCo-TATB,sit-TiCo-TATB,3-c,TiCo,3-c,sit,8,N8,TATB,TiCo/TATB/sit-TiCo-TATB.cif,structures/TiCo/TATB/sit-TiCo-TATB.cif
ydq-TiCo-TATB,ydq-TiCo-TATB,3-c,TiCo,3-c,ydq,8,N8,TATB,TiCo/TATB/ydq-TiCo-TATB.cif,structures/TiCo/TATB/ydq-TiCo-TATB.cif
