current_basename,raspa_basename,connectivity,metal,subset,topology,linker_no,linker_label,linker_id,status,score,threshold,score_minus_threshold,coverage,n_observations,n_supported,error,result_source,source_relative_path,package_structure_path
ceq-TiMg-1-10,ceq-TiMg-N10-N1-3c-D3h,3-c,TiMg,3-c,ceq,1,N1,10,in_distribution,2.656422,3.012569,-0.356147,0.975610,8856,8640,,reused_existing,TiMg/3-c/ceq-TiMg-1-10.cif,structures/TiMg/3-c/ceq-TiMg-1-10.cif
cml-TiMg-1-10,cml-TiMg-N10-N1-3c-D3h,3-c,TiMg,3-c,cml,1,N1,10,in_distribution,2.656422,3.012569,-0.356147,0.975610,11808,11520,,reused_existing,TiMg/3-c/cml-TiMg-1-10.cif,structures/TiMg/3-c/cml-TiMg-1-10.cif
dag-TiMg-1-10,dag-TiMg-N10-N1-3c-D3h,3-c,TiMg,3-c,dag,1,N1,10,geometric_outlier,3.187128,3.012569,0.174559,0.870201,13128,11424,,reused_existing,TiMg/3-c/dag-TiMg-1-10.cif,structures/TiMg/3-c/dag-TiMg-1-10.cif
fmz-TiMg-1-10,fmz-TiMg-N10-N1-3c-D3h,3-c,TiMg,3-c,fmz,1,N1,10,geometric_outlier,3.401564,3.012569,0.388995,0.937500,18432,17280,,reused_existing,TiMg/3-c/fmz-TiMg-1-10.cif,structures/TiMg/3-c/fmz-TiMg-1-10.cif
hwx-TiMg-1-10,hwx-TiMg-N10-N1-3c-D3h,3-c,TiMg,3-c,hwx,1,N1,10,in_distribution,2.656422,3.012569,-0.356147,0.975610,11808,11520,,reused_existing,TiMg/3-c/hwx-TiMg-1-10.cif,structures/TiMg/3-c/hwx-TiMg-1-10.cif
sab-TiMg-1-10,sab-TiMg-N10-N1-3c-D3h,3-c,TiMg,3-c,sab,1,N1,10,geometric_outlier,3.906093,3.012569,0.893524,0.975610,15744,15360,,reused_existing,TiMg/3-c/sab-TiMg-1-10.cif,structures/TiMg/3-c/sab-TiMg-1-10.cif
sit-TiMg-1-10,sit-TiMg-N10-N1-3c-D3h,3-c,TiMg,3-c,sit,1,N1,10,in_distribution,2.656422,3.012569,-0.356147,0.975610,5904,5760,,reused_existing,TiMg/3-c/sit-TiMg-1-10.cif,structures/TiMg/3-c/sit-TiMg-1-10.cif
ydq-TiMg-1-10,ydq-TiMg-N10-N1-3c-D3h,3-c,TiMg,3-c,ydq,1,N1,10,in_distribution,2.627184,3.012569,-0.385385,0.975610,11808,11520,,reused_existing,TiMg/3-c/ydq-TiMg-1-10.cif,structures/TiMg/3-c/ydq-TiMg-1-10.cif
ceq-TiMg-2-19,ceq-TiMg-N19-N2-3c-D3h,3-c,TiMg,3-c,ceq,2,N2,19,in_distribution,2.457480,3.012569,-0.555089,0.970588,7344,7128,,reused_existing,TiMg/3-c/ceq-TiMg-2-19.cif,structures/TiMg/3-c/ceq-TiMg-2-19.cif
cml-TiMg-2-19,cml-TiMg-N19-N2-3c-D3h,3-c,TiMg,3-c,cml,2,N2,19,in_distribution,2.625296,3.012569,-0.387273,0.970588,9792,9504,,reused_existing,TiMg/3-c/cml-TiMg-2-19.cif,structures/TiMg/3-c/cml-TiMg-2-19.cif
dag-TiMg-2-19,dag-TiMg-N19-N2-3c-D3h,3-c,TiMg,3-c,dag,2,N2,19,geometric_outlier,3.036010,3.012569,0.023441,0.857143,11088,9504,,reused_existing,TiMg/3-c/dag-TiMg-2-19.cif,structures/TiMg/3-c/dag-TiMg-2-19.cif
fmz-TiMg-2-19,fmz-TiMg-N19-N2-3c-D3h,3-c,TiMg,3-c,fmz,2,N2,19,in_distribution,2.996625,3.012569,-0.015944,0.904110,15768,14256,,reused_existing,TiMg/3-c/fmz-TiMg-2-19.cif,structures/TiMg/3-c/fmz-TiMg-2-19.cif
hwx-TiMg-2-19,hwx-TiMg-N19-N2-3c-D3h,3-c,TiMg,3-c,hwx,2,N2,19,in_distribution,2.625296,3.012569,-0.387273,0.970588,9792,9504,,reused_existing,TiMg/3-c/hwx-TiMg-2-19.cif,structures/TiMg/3-c/hwx-TiMg-2-19.cif
sab-TiMg-2-19,sab-TiMg-N19-N2-3c-D3h,3-c,TiMg,3-c,sab,2,N2,19,in_distribution,2.513721,3.012569,-0.498848,0.970588,13056,12672,,reused_existing,TiMg/3-c/sab-TiMg-2-19.cif,structures/TiMg/3-c/sab-TiMg-2-19.cif
sit-TiMg-2-19,sit-TiMg-N19-N2-3c-D3h,3-c,TiMg,3-c,sit,2,N2,19,in_distribution,2.625296,3.012569,-0.387273,0.970588,7344,7128,,reused_existing,TiMg/3-c/sit-TiMg-2-19.cif,structures/TiMg/3-c/sit-TiMg-2-19.cif
ydq-TiMg-2-19,ydq-TiMg-N19-N2-3c-D3h,3-c,TiMg,3-c,ydq,2,N2,19,in_distribution,2.625296,3.012569,-0.387273,0.970588,9792,9504,,reused_existing,TiMg/3-c/ydq-TiMg-2-19.cif,structures/TiMg/3-c/ydq-TiMg-2-19.cif
ceq-TiMg-3-20,ceq-TiMg-N20-N3-3c-D3h,3-c,TiMg,3-c,ceq,3,N3,20,in_distribution,2.414270,3.012569,-0.598299,0.984375,13824,13608,,reused_existing,TiMg/3-c/ceq-TiMg-3-20.cif,structures/TiMg/3-c/ceq-TiMg-3-20.cif
cml-TiMg-3-20,cml-TiMg-N20-N3-3c-D3h,3-c,TiMg,3-c,cml,3,N3,20,geometric_outlier,3.560204,3.012569,0.547635,0.984375,12288,12096,,reused_existing,TiMg/3-c/cml-TiMg-3-20.cif,structures/TiMg/3-c/cml-TiMg-3-20.cif
dag-TiMg-3-20,dag-TiMg-N20-N3-3c-D3h,3-c,TiMg,3-c,dag,3,N3,20,geometric_outlier,3.296899,3.012569,0.284330,0.942947,12760,12032,,reused_existing,TiMg/3-c/dag-TiMg-3-20.cif,structures/TiMg/3-c/dag-TiMg-3-20.cif
fmz-TiMg-3-20,fmz-TiMg-N20-N3-3c-D3h,3-c,TiMg,3-c,fmz,3,N3,20,geometric_outlier,3.541111,3.012569,0.528542,0.976324,27876,27216,,reused_existing,TiMg/3-c/fmz-TiMg-3-20.cif,structures/TiMg/3-c/fmz-TiMg-3-20.cif
hwx-TiMg-3-20,hwx-TiMg-N20-N3-3c-D3h,3-c,TiMg,3-c,hwx,3,N3,20,geometric_outlier,3.560204,3.012569,0.547635,0.984375,18432,18144,,reused_existing,TiMg/3-c/hwx-TiMg-3-20.cif,structures/TiMg/3-c/hwx-TiMg-3-20.cif
sab-TiMg-3-20,sab-TiMg-N20-N3-3c-D3h,3-c,TiMg,3-c,sab,3,N3,20,in_distribution,2.707336,3.012569,-0.305233,0.984375,24576,24192,,reused_existing,TiMg/3-c/sab-TiMg-3-20.cif,structures/TiMg/3-c/sab-TiMg-3-20.cif
sit-TiMg-3-20,sit-TiMg-N20-N3-3c-D3h,3-c,TiMg,3-c,sit,3,N3,20,in_distribution,2.381638,3.012569,-0.630931,0.984375,9216,9072,,reused_existing,TiMg/3-c/sit-TiMg-3-20.cif,structures/TiMg/3-c/sit-TiMg-3-20.cif
ydq-TiMg-3-20,ydq-TiMg-N20-N3-3c-D3h,3-c,TiMg,3-c,ydq,3,N3,20,in_distribution,2.468481,3.012569,-0.544088,0.984375,18432,18144,,reused_existing,TiMg/3-c/ydq-TiMg-3-20.cif,structures/TiMg/3-c/ydq-TiMg-3-20.cif
ceq-TiMg-4-410,ceq-TiMg-N410-N9-3c-D3,3-c,TiMg,3-c,ceq,4,N4,410,in_distribution,2.604141,3.012569,-0.408428,0.987805,11808,11664,,reused_existing,TiMg/3-c/ceq-TiMg-4-410.cif,structures/TiMg/3-c/ceq-TiMg-4-410.cif
cml-TiMg-4-410,cml-TiMg-N410-N9-3c-D3,3-c,TiMg,3-c,cml,4,N4,410,in_distribution,2.786120,3.012569,-0.226449,0.987805,15744,15552,,reused_existing,TiMg/3-c/cml-TiMg-4-410.cif,structures/TiMg/3-c/cml-TiMg-4-410.cif
dag-TiMg-4-410,dag-TiMg-N410-N9-3c-D3,3-c,TiMg,3-c,dag,4,N4,410,in_distribution,3.010705,3.012569,-0.001864,0.987805,7872,7776,,reused_existing,TiMg/3-c/dag-TiMg-4-410.cif,structures/TiMg/3-c/dag-TiMg-4-410.cif
fmz-TiMg-4-410,fmz-TiMg-N410-N9-3c-D3,3-c,TiMg,3-c,fmz,4,N4,410,in_distribution,2.929693,3.012569,-0.082876,0.987805,35424,34992,,reused_existing,TiMg/3-c/fmz-TiMg-4-410.cif,structures/TiMg/3-c/fmz-TiMg-4-410.cif
hwx-TiMg-4-410,hwx-TiMg-N410-N9-3c-D3,3-c,TiMg,3-c,hwx,4,N4,410,in_distribution,2.511467,3.012569,-0.501102,0.987805,3936,3888,,reused_existing,TiMg/3-c/hwx-TiMg-4-410.cif,structures/TiMg/3-c/hwx-TiMg-4-410.cif
sab-TiMg-4-410,sab-TiMg-N410-N9-3c-D3,3-c,TiMg,3-c,sab,4,N4,410,in_distribution,2.811662,3.012569,-0.200907,0.987805,7872,7776,,reused_existing,TiMg/3-c/sab-TiMg-4-410.cif,structures/TiMg/3-c/sab-TiMg-4-410.cif
sit-TiMg-4-410,sit-TiMg-N410-N9-3c-D3,3-c,TiMg,3-c,sit,4,N4,410,in_distribution,2.661520,3.012569,-0.351049,0.987805,7872,7776,,reused_existing,TiMg/3-c/sit-TiMg-4-410.cif,structures/TiMg/3-c/sit-TiMg-4-410.cif
ydq-TiMg-4-410,ydq-TiMg-N410-N9-3c-D3,3-c,TiMg,3-c,ydq,4,N4,410,in_distribution,2.463642,3.012569,-0.548927,0.987805,23616,23328,,reused_existing,TiMg/3-c/ydq-TiMg-4-410.cif,structures/TiMg/3-c/ydq-TiMg-4-410.cif
ceq-TiMg-5-386,ceq-TiMg-N386-N5-3c-D3h,3-c,TiMg,3-c,ceq,5,N5,386,in_distribution,2.123752,3.012569,-0.888817,0.990291,1854,1836,,reused_existing,TiMg/3-c/ceq-TiMg-5-386.cif,structures/TiMg/3-c/ceq-TiMg-5-386.cif
cml-TiMg-5-386,cml-TiMg-N386-N5-3c-D3h,3-c,TiMg,3-c,cml,5,N5,386,in_distribution,2.288732,3.012569,-0.723837,0.990291,2472,2448,,reused_existing,TiMg/3-c/cml-TiMg-5-386.cif,structures/TiMg/3-c/cml-TiMg-5-386.cif
dag-TiMg-5-386,dag-TiMg-N386-N5-3c-D3h,3-c,TiMg,3-c,dag,5,N5,386,in_distribution,2.674502,3.012569,-0.338067,0.990291,2472,2448,,reused_existing,TiMg/3-c/dag-TiMg-5-386.cif,structures/TiMg/3-c/dag-TiMg-5-386.cif
fmz-TiMg-5-386,fmz-TiMg-N386-N5-3c-D3h,3-c,TiMg,3-c,fmz,5,N5,386,in_distribution,2.024707,3.012569,-0.987862,0.990291,11124,11016,,reused_existing,TiMg/3-c/fmz-TiMg-5-386.cif,structures/TiMg/3-c/fmz-TiMg-5-386.cif
hwx-TiMg-5-386,hwx-TiMg-N386-N5-3c-D3h,3-c,TiMg,3-c,hwx,5,N5,386,in_distribution,2.175989,3.012569,-0.836580,0.990291,4944,4896,,reused_existing,TiMg/3-c/hwx-TiMg-5-386.cif,structures/TiMg/3-c/hwx-TiMg-5-386.cif
sab-TiMg-5-386,sab-TiMg-N386-N5-3c-D3h,3-c,TiMg,3-c,sab,5,N5,386,in_distribution,2.444384,3.012569,-0.568185,0.990291,4944,4896,,reused_existing,TiMg/3-c/sab-TiMg-5-386.cif,structures/TiMg/3-c/sab-TiMg-5-386.cif
sit-TiMg-5-386,sit-TiMg-N386-N5-3c-D3h,3-c,TiMg,3-c,sit,5,N5,386,in_distribution,2.417010,3.012569,-0.595559,0.990291,2472,2448,,reused_existing,TiMg/3-c/sit-TiMg-5-386.cif,structures/TiMg/3-c/sit-TiMg-5-386.cif
ydq-TiMg-5-386,ydq-TiMg-N386-N5-3c-D3h,3-c,TiMg,3-c,ydq,5,N5,386,in_distribution,2.616312,3.012569,-0.396257,0.990291,29664,29376,,reused_existing,TiMg/3-c/ydq-TiMg-5-386.cif,structures/TiMg/3-c/ydq-TiMg-5-386.cif
ceq-TiMg-6-225,ceq-TiMg-N225-N4-3c-D3h,3-c,TiMg,3-c,ceq,6,N6,225,geometric_outlier,3.177030,3.012569,0.164461,0.982143,12096,11880,,reused_existing,TiMg/3-c/ceq-TiMg-6-225.cif,structures/TiMg/3-c/ceq-TiMg-6-225.cif
cml-TiMg-6-225,cml-TiMg-N225-N4-3c-D3h,3-c,TiMg,3-c,cml,6,N6,225,geometric_outlier,3.230594,3.012569,0.218025,0.982143,16128,15840,,reused_existing,TiMg/3-c/cml-TiMg-6-225.cif,structures/TiMg/3-c/cml-TiMg-6-225.cif
dag-TiMg-6-225,dag-TiMg-N225-N4-3c-D3h,3-c,TiMg,3-c,dag,6,N6,225,geometric_outlier,3.723567,3.012569,0.710998,0.907294,17604,15972,,reused_existing,TiMg/3-c/dag-TiMg-6-225.cif,structures/TiMg/3-c/dag-TiMg-6-225.cif
fmz-TiMg-6-225,fmz-TiMg-N225-N4-3c-D3h,3-c,TiMg,3-c,fmz,6,N6,225,geometric_outlier,3.889878,3.012569,0.877309,0.935206,25496,23844,,reused_existing,TiMg/3-c/fmz-TiMg-6-225.cif,structures/TiMg/3-c/fmz-TiMg-6-225.cif
hwx-TiMg-6-225,hwx-TiMg-N225-N4-3c-D3h,3-c,TiMg,3-c,hwx,6,N6,225,geometric_outlier,3.345784,3.012569,0.333215,0.966325,16392,15840,,reused_existing,TiMg/3-c/hwx-TiMg-6-225.cif,structures/TiMg/3-c/hwx-TiMg-6-225.cif
sab-TiMg-6-225,sab-TiMg-N225-N4-3c-D3h,3-c,TiMg,3-c,sab,6,N6,225,geometric_outlier,3.546470,3.012569,0.533901,0.966325,21856,21120,,reused_existing,TiMg/3-c/sab-TiMg-6-225.cif,structures/TiMg/3-c/sab-TiMg-6-225.cif
sit-TiMg-6-225,sit-TiMg-N225-N4-3c-D3h,3-c,TiMg,3-c,sit,6,N6,225,in_distribution,2.734429,3.012569,-0.278140,0.982143,12096,11880,,reused_existing,TiMg/3-c/sit-TiMg-6-225.cif,structures/TiMg/3-c/sit-TiMg-6-225.cif
ydq-TiMg-6-225,ydq-TiMg-N225-N4-3c-D3h,3-c,TiMg,3-c,ydq,6,N6,225,geometric_outlier,3.446127,3.012569,0.433558,0.961457,16475,15840,,reused_existing,TiMg/3-c/ydq-TiMg-6-225.cif,structures/TiMg/3-c/ydq-TiMg-6-225.cif
ceq-TiMg-7-592,ceq-TiMg-N592-N6-3c-D3h,3-c,TiMg,3-c,ceq,7,N7,592,in_distribution,2.971270,3.012569,-0.041299,0.994737,27360,27216,,reused_existing,TiMg/3-c/ceq-TiMg-7-592.cif,structures/TiMg/3-c/ceq-TiMg-7-592.cif
cml-TiMg-7-592,cml-TiMg-N592-N6-3c-D3h,3-c,TiMg,3-c,cml,7,N7,592,geometric_outlier,4.026386,3.012569,1.013817,0.994737,9120,9072,,reused_existing,TiMg/3-c/cml-TiMg-7-592.cif,structures/TiMg/3-c/cml-TiMg-7-592.cif
dag-TiMg-7-592,dag-TiMg-N592-N6-3c-D3h,3-c,TiMg,3-c,dag,7,N7,592,geometric_outlier,3.049542,3.012569,0.036973,0.985368,9158,9024,,reused_existing,TiMg/3-c/dag-TiMg-7-592.cif,structures/TiMg/3-c/dag-TiMg-7-592.cif
fmz-TiMg-7-592,fmz-TiMg-N592-N6-3c-D3h,3-c,TiMg,3-c,fmz,7,N7,592,geometric_outlier,3.712242,3.012569,0.699673,0.994737,20520,20412,,reused_existing,TiMg/3-c/fmz-TiMg-7-592.cif,structures/TiMg/3-c/fmz-TiMg-7-592.cif
hwx-TiMg-7-592,hwx-TiMg-N592-N6-3c-D3h,3-c,TiMg,3-c,hwx,7,N7,592,geometric_outlier,3.195636,3.012569,0.183067,0.994737,9120,9072,,reused_existing,TiMg/3-c/hwx-TiMg-7-592.cif,structures/TiMg/3-c/hwx-TiMg-7-592.cif
sab-TiMg-7-592,sab-TiMg-N592-N6-3c-D3h,3-c,TiMg,3-c,sab,7,N7,592,geometric_outlier,3.195636,3.012569,0.183067,0.994737,9120,9072,,reused_existing,TiMg/3-c/sab-TiMg-7-592.cif,structures/TiMg/3-c/sab-TiMg-7-592.cif
sit-TiMg-7-592,sit-TiMg-N592-N6-3c-D3h,3-c,TiMg,3-c,sit,7,N7,592,geometric_outlier,3.299025,3.012569,0.286456,0.994737,9120,9072,,reused_existing,TiMg/3-c/sit-TiMg-7-592.cif,structures/TiMg/3-c/sit-TiMg-7-592.cif
ydq-TiMg-7-592,ydq-TiMg-N592-N6-3c-D3h,3-c,TiMg,3-c,ydq,7,N7,592,in_distribution,2.931921,3.012569,-0.080648,0.994737,54720,54432,,reused_existing,TiMg/3-c/ydq-TiMg-7-592.cif,structures/TiMg/3-c/ydq-TiMg-7-592.cif
ceq-TiMg-TATB,ceq-TiMg-TATB,3-c,TiMg,3-c,ceq,8,N8,TATB,in_distribution,2.324048,3.012569,-0.688522,0.989011,13104,12960,,newly_scored,TiMg/TATB/ceq-TiMg-TATB.cif,structures/TiMg/TATB/ceq-TiMg-TATB.cif
cml-TiMg-TATB,cml-TiMg-TATB,3-c,TiMg,3-c,cml,8,N8,TATB,in_distribution,2.295847,3.012569,-0.716722,0.989011,4368,4320,,newly_scored,TiMg/TATB/cml-TiMg-TATB.cif,structures/TiMg/TATB/cml-TiMg-TATB.cif
dag-TiMg-TATB,dag-TiMg-TATB,3-c,TiMg,3-c,dag,8,N8,TATB,in_distribution,2.588177,3.012569,-0.424392,0.989011,4368,4320,,newly_scored,TiMg/TATB/dag-TiMg-TATB.cif,structures/TiMg/TATB/dag-TiMg-TATB.cif
fmz-TiMg-TATB,fmz-TiMg-TATB,3-c,TiMg,3-c,fmz,8,N8,TATB,in_distribution,2.217080,3.012569,-0.795489,0.989011,9828,9720,,newly_scored,TiMg/TATB/fmz-TiMg-TATB.cif,structures/TiMg/TATB/fmz-TiMg-TATB.cif
hwx-TiMg-TATB,hwx-TiMg-TATB,3-c,TiMg,3-c,hwx,8,N8,TATB,in_distribution,2.207346,3.012569,-0.805223,0.989011,4368,4320,,newly_scored,TiMg/TATB/hwx-TiMg-TATB.cif,structures/TiMg/TATB/hwx-TiMg-TATB.cif
sab-TiMg-TATB,sab-TiMg-TATB,3-c,TiMg,3-c,sab,8,N8,TATB,geometric_outlier,3.543780,3.012569,0.531211,0.989011,4368,4320,,newly_scored,TiMg/TATB/sab-TiMg-TATB.cif,structures/TiMg/TATB/sab-TiMg-TATB.cif
sit-TiMg-TATB,sit-TiMg-TATB,3-c,TiMg,3-c,sit,8,N8,TATB,geometric_outlier,3.474412,3.012569,0.461843,0.989011,4368,4320,,newly_scored,TiMg/TATB/sit-TiMg-TATB.cif,structures/TiMg/TATB/sit-TiMg-TATB.cif
ydq-TiMg-TATB,ydq-TiMg-TATB,3-c,TiMg,3-c,ydq,8,N8,TATB,in_distribution,2.383004,3.012569,-0.629565,0.989011,26208,25920,,newly_scored,TiMg/TATB/ydq-TiMg-TATB.cif,structures/TiMg/TATB/ydq-TiMg-TATB.cif
ceq-TiMg-9-130,ceq-TiMg-N130-N10-3c-C3v,3-c,TiMg,3-c,ceq,9,N9,130,in_distribution,2.906749,3.012569,-0.105820,0.974522,12560,12240,,reused_existing,TiMg/3-c/ceq-TiMg-9-130.cif,structures/TiMg/3-c/ceq-TiMg-9-130.cif
cml-TiMg-9-130,cml-TiMg-N130-N10-3c-C3v,3-c,TiMg,3-c,cml,9,N9,130,in_distribution,2.835371,3.012569,-0.177198,0.965677,17248,16656,,reused_existing,TiMg/3-c/cml-TiMg-9-130.cif,structures/TiMg/3-c/cml-TiMg-9-130.cif
dag-TiMg-9-130,dag-TiMg-N130-N10-3c-C3v,3-c,TiMg,3-c,dag,9,N9,130,in_distribution,2.774473,3.012569,-0.238096,0.947669,16816,15936,,reused_existing,TiMg/3-c/dag-TiMg-9-130.cif,structures/TiMg/3-c/dag-TiMg-9-130.cif
fmz-TiMg-9-130,fmz-TiMg-N130-N10-3c-C3v,3-c,TiMg,3-c,fmz,9,N9,130,in_distribution,2.778677,3.012569,-0.233892,0.961270,37800,36336,,reused_existing,TiMg/3-c/fmz-TiMg-9-130.cif,structures/TiMg/3-c/fmz-TiMg-9-130.cif
hwx-TiMg-9-130,hwx-TiMg-N130-N10-3c-C3v,3-c,TiMg,3-c,hwx,9,N9,130,in_distribution,2.686073,3.012569,-0.326496,0.988372,24768,24480,,reused_existing,TiMg/3-c/hwx-TiMg-9-130.cif,structures/TiMg/3-c/hwx-TiMg-9-130.cif
sab-TiMg-9-130,sab-TiMg-N130-N10-3c-C3v,3-c,TiMg,3-c,sab,9,N9,130,in_distribution,2.488597,3.012569,-0.523972,0.967710,32704,31648,,reused_existing,TiMg/3-c/sab-TiMg-9-130.cif,structures/TiMg/3-c/sab-TiMg-9-130.cif
sit-TiMg-9-130,sit-TiMg-N130-N10-3c-C3v,3-c,TiMg,3-c,sit,9,N9,130,in_distribution,2.026694,3.012569,-0.985875,0.988372,12384,12240,,reused_existing,TiMg/3-c/sit-TiMg-9-130.cif,structures/TiMg/3-c/sit-TiMg-9-130.cif
ydq-TiMg-9-130,ydq-TiMg-N130-N10-3c-C3v,3-c,TiMg,3-c,ydq,9,N9,130,in_distribution,2.906749,3.012569,-0.105820,0.988368,24760,24472,,reused_existing,TiMg/3-c/ydq-TiMg-9-130.cif,structures/TiMg/3-c/ydq-TiMg-9-130.cif
ceq-TiMg-10-333,ceq-TiMg-N333-N8-3c-D3,3-c,TiMg,3-c,ceq,10,N10,333,in_distribution,2.381638,3.012569,-0.630931,0.988281,12288,12144,,reused_existing,TiMg/3-c/ceq-TiMg-10-333.cif,structures/TiMg/3-c/ceq-TiMg-10-333.cif
cml-TiMg-10-333,cml-TiMg-N333-N8-3c-D3,3-c,TiMg,3-c,cml,10,N10,333,in_distribution,2.329055,3.012569,-0.683514,0.988281,16384,16192,,reused_existing,TiMg/3-c/cml-TiMg-10-333.cif,structures/TiMg/3-c/cml-TiMg-10-333.cif
dag-TiMg-10-333,dag-TiMg-N333-N8-3c-D3,3-c,TiMg,3-c,dag,10,N10,333,in_distribution,2.454772,3.012569,-0.557797,0.988281,8192,8096,,reused_existing,TiMg/3-c/dag-TiMg-10-333.cif,structures/TiMg/3-c/dag-TiMg-10-333.cif
fmz-TiMg-10-333,fmz-TiMg-N333-N8-3c-D3,3-c,TiMg,3-c,fmz,10,N10,333,in_distribution,2.690628,3.012569,-0.321941,0.988281,36864,36432,,reused_existing,TiMg/3-c/fmz-TiMg-10-333.cif,structures/TiMg/3-c/fmz-TiMg-10-333.cif
hwx-TiMg-10-333,hwx-TiMg-N333-N8-3c-D3,3-c,TiMg,3-c,hwx,10,N10,333,in_distribution,2.748917,3.012569,-0.263652,0.988281,4096,4048,,reused_existing,TiMg/3-c/hwx-TiMg-10-333.cif,structures/TiMg/3-c/hwx-TiMg-10-333.cif
sab-TiMg-10-333,sab-TiMg-N333-N8-3c-D3,3-c,TiMg,3-c,sab,10,N10,333,in_distribution,2.811924,3.012569,-0.200645,0.988281,8192,8096,,reused_existing,TiMg/3-c/sab-TiMg-10-333.cif,structures/TiMg/3-c/sab-TiMg-10-333.cif
sit-TiMg-10-333,sit-TiMg-N333-N8-3c-D3,3-c,TiMg,3-c,sit,10,N10,333,in_distribution,2.217080,3.012569,-0.795489,0.988281,8192,8096,,reused_existing,TiMg/3-c/sit-TiMg-10-333.cif,structures/TiMg/3-c/sit-TiMg-10-333.cif
ydq-TiMg-10-333,ydq-TiMg-N333-N8-3c-D3,3-c,TiMg,3-c,ydq,10,N10,333,in_distribution,2.217080,3.012569,-0.795489,0.988281,24576,24288,,reused_existing,TiMg/3-c/ydq-TiMg-10-333.cif,structures/TiMg/3-c/ydq-TiMg-10-333.cif
ceq-TiMg-11-516,ceq-TiMg-N516-N24-3c-C3,3-c,TiMg,3-c,ceq,11,N11,516,in_distribution,2.320342,3.012569,-0.692227,0.988506,12528,12384,,reused_existing,TiMg/3-c/ceq-TiMg-11-516.cif,structures/TiMg/3-c/ceq-TiMg-11-516.cif
cml-TiMg-11-516,cml-TiMg-N516-N24-3c-C3,3-c,TiMg,3-c,cml,11,N11,516,in_distribution,2.610624,3.012569,-0.401945,0.988506,16704,16512,,reused_existing,TiMg/3-c/cml-TiMg-11-516.cif,structures/TiMg/3-c/cml-TiMg-11-516.cif
dag-TiMg-11-516,dag-TiMg-N516-N24-3c-C3,3-c,TiMg,3-c,dag,11,N11,516,in_distribution,2.690628,3.012569,-0.321941,0.983325,8396,8256,,reused_existing,TiMg/3-c/dag-TiMg-11-516.cif,structures/TiMg/3-c/dag-TiMg-11-516.cif
fmz-TiMg-11-516,fmz-TiMg-N516-N24-3c-C3,3-c,TiMg,3-c,fmz,11,N11,516,in_distribution,2.727089,3.012569,-0.285480,0.984420,37740,37152,,reused_existing,TiMg/3-c/fmz-TiMg-11-516.cif,structures/TiMg/3-c/fmz-TiMg-11-516.cif
hwx-TiMg-11-516,hwx-TiMg-N516-N24-3c-C3,3-c,TiMg,3-c,hwx,11,N11,516,in_distribution,2.748849,3.012569,-0.263720,0.988506,4176,4128,,reused_existing,TiMg/3-c/hwx-TiMg-11-516.cif,structures/TiMg/3-c/hwx-TiMg-11-516.cif
sab-TiMg-11-516,sab-TiMg-N516-N24-3c-C3,3-c,TiMg,3-c,sab,11,N11,516,in_distribution,2.526809,3.012569,-0.485760,0.988506,8352,8256,,reused_existing,TiMg/3-c/sab-TiMg-11-516.cif,structures/TiMg/3-c/sab-TiMg-11-516.cif
sit-TiMg-11-516,sit-TiMg-N516-N24-3c-C3,3-c,TiMg,3-c,sit,11,N11,516,in_distribution,2.372972,3.012569,-0.639597,0.988506,8352,8256,,reused_existing,TiMg/3-c/sit-TiMg-11-516.cif,structures/TiMg/3-c/sit-TiMg-11-516.cif
ydq-TiMg-11-516,ydq-TiMg-N516-N24-3c-C3,3-c,TiMg,3-c,ydq,11,N11,516,in_distribution,2.283199,3.012569,-0.729370,0.988506,25056,24768,,reused_existing,TiMg/3-c/ydq-TiMg-11-516.cif,structures/TiMg/3-c/ydq-TiMg-11-516.cif
ceq-TiMg-12-639,ceq-TiMg-N639-N7-3c-D3h,3-c,TiMg,3-c,ceq,12,N12,639,in_distribution,2.709720,3.012569,-0.302849,0.987500,11520,11376,,reused_existing,TiMg/3-c/ceq-TiMg-12-639.cif,structures/TiMg/3-c/ceq-TiMg-12-639.cif
cml-TiMg-12-639,cml-TiMg-N639-N7-3c-D3h,3-c,TiMg,3-c,cml,12,N12,639,in_distribution,2.754820,3.012569,-0.257749,0.987500,15360,15168,,reused_existing,TiMg/3-c/cml-TiMg-12-639.cif,structures/TiMg/3-c/cml-TiMg-12-639.cif
dag-TiMg-12-639,dag-TiMg-N639-N7-3c-D3h,3-c,TiMg,3-c,dag,12,N12,639,in_distribution,2.889839,3.012569,-0.122730,0.964742,15656,15104,,reused_existing,TiMg/3-c/dag-TiMg-12-639.cif,structures/TiMg/3-c/dag-TiMg-12-639.cif
fmz-TiMg-12-639,fmz-TiMg-N639-N7-3c-D3h,3-c,TiMg,3-c,fmz,12,N12,639,in_distribution,2.864262,3.012569,-0.148307,0.984992,34648,34128,,reused_existing,TiMg/3-c/fmz-TiMg-12-639.cif,structures/TiMg/3-c/fmz-TiMg-12-639.cif
hwx-TiMg-12-639,hwx-TiMg-N639-N7-3c-D3h,3-c,TiMg,3-c,hwx,12,N12,639,in_distribution,2.818457,3.012569,-0.194112,0.987500,3840,3792,,reused_existing,TiMg/3-c/hwx-TiMg-12-639.cif,structures/TiMg/3-c/hwx-TiMg-12-639.cif
sab-TiMg-12-639,sab-TiMg-N639-N7-3c-D3h,3-c,TiMg,3-c,sab,12,N12,639,in_distribution,2.771987,3.012569,-0.240582,0.987500,7680,7584,,reused_existing,TiMg/3-c/sab-TiMg-12-639.cif,structures/TiMg/3-c/sab-TiMg-12-639.cif
sit-TiMg-12-639,sit-TiMg-N639-N7-3c-D3h,3-c,TiMg,3-c,sit,12,N12,639,geometric_outlier,3.782404,3.012569,0.769835,0.987500,7680,7584,,reused_existing,TiMg/3-c/sit-TiMg-12-639.cif,structures/TiMg/3-c/sit-TiMg-12-639.cif
ydq-TiMg-12-639,ydq-TiMg-N639-N7-3c-D3h,3-c,TiMg,3-c,ydq,12,N12,639,in_distribution,2.709720,3.012569,-0.302849,0.987500,23040,22752,,reused_existing,TiMg/3-c/ydq-TiMg-12-639.cif,structures/TiMg/3-c/ydq-TiMg-12-639.cif
ceq-TiMg-13-126,ceq-TiMg-N126-N11-3c-C3h,3-c,TiMg,3-c,ceq,13,N13,126,in_distribution,2.190158,3.012569,-0.822411,0.991379,2088,2070,,reused_existing,TiMg/3-c/ceq-TiMg-13-126.cif,structures/TiMg/3-c/ceq-TiMg-13-126.cif
cml-TiMg-13-126,cml-TiMg-N126-N11-3c-C3h,3-c,TiMg,3-c,cml,13,N13,126,in_distribution,2.188564,3.012569,-0.824005,0.991379,2784,2760,,reused_existing,TiMg/3-c/cml-TiMg-13-126.cif,structures/TiMg/3-c/cml-TiMg-13-126.cif
dag-TiMg-13-126,dag-TiMg-N126-N11-3c-C3h,3-c,TiMg,3-c,dag,13,N13,126,in_distribution,2.428353,3.012569,-0.584216,0.991379,2784,2760,,reused_existing,TiMg/3-c/dag-TiMg-13-126.cif,structures/TiMg/3-c/dag-TiMg-13-126.cif
fmz-TiMg-13-126,fmz-TiMg-N126-N11-3c-C3h,3-c,TiMg,3-c,fmz,13,N13,126,in_distribution,2.199130,3.012569,-0.813439,0.991379,12528,12420,,reused_existing,TiMg/3-c/fmz-TiMg-13-126.cif,structures/TiMg/3-c/fmz-TiMg-13-126.cif
hwx-TiMg-13-126,hwx-TiMg-N126-N11-3c-C3h,3-c,TiMg,3-c,hwx,13,N13,126,in_distribution,2.190158,3.012569,-0.822411,0.991379,5568,5520,,reused_existing,TiMg/3-c/hwx-TiMg-13-126.cif,structures/TiMg/3-c/hwx-TiMg-13-126.cif
sab-TiMg-13-126,sab-TiMg-N126-N11-3c-C3h,3-c,TiMg,3-c,sab,13,N13,126,in_distribution,2.204323,3.012569,-0.808246,0.991379,5568,5520,,reused_existing,TiMg/3-c/sab-TiMg-13-126.cif,structures/TiMg/3-c/sab-TiMg-13-126.cif
sit-TiMg-13-126,sit-TiMg-N126-N11-3c-C3h,3-c,TiMg,3-c,sit,13,N13,126,in_distribution,2.190158,3.012569,-0.822411,0.991379,2784,2760,,reused_existing,TiMg/3-c/sit-TiMg-13-126.cif,structures/TiMg/3-c/sit-TiMg-13-126.cif
ydq-TiMg-13-126,ydq-TiMg-N126-N11-3c-C3h,3-c,TiMg,3-c,ydq,13,N13,126,in_distribution,2.217080,3.012569,-0.795489,0.991379,33408,33120,,reused_existing,TiMg/3-c/ydq-TiMg-13-126.cif,structures/TiMg/3-c/ydq-TiMg-13-126.cif
stp-TiMg-1-445-D4h,stp-TiMg-N445-N13-4c-D4h,4-c,TiMg,ori,stp,1,N1,445,geometric_outlier,3.242889,3.012569,0.230320,0.987730,11736,11592,,reused_existing,TiMg/4-c-ori/stp-TiMg-1-445-D4h.cif,structures/TiMg/4-c-ori/stp-TiMg-1-445-D4h.cif
stp-TiMg-2-13-D4h,stp-TiMg-N13-N12-4c-D4h,4-c,TiMg,ori,stp,2,N2,13,in_distribution,2.716829,3.012569,-0.295740,0.986928,11016,10872,,reused_existing,TiMg/4-c-ori/stp-TiMg-2-13-D4h.cif,structures/TiMg/4-c-ori/stp-TiMg-2-13-D4h.cif
ttp-TiMg-3-1-D2h,stp-TiMg-N1-N14-4c-D2h,4-c,TiMg,ori,ttp,3,N3,1,in_distribution,2.931921,3.012569,-0.080648,0.983673,8820,8676,,reused_existing,TiMg/4-c-ori/ttp-TiMg-3-1-D2h.cif,structures/TiMg/4-c-ori/ttp-TiMg-3-1-D2h.cif
ttx-TiMg-3-1-D2h,ttx-TiMg-3-1-D2h,4-c,TiMg,new,ttx,3,N3,1,in_distribution,2.076272,3.012569,-0.936297,0.983673,8820,8676,,reused_existing,TiMg/4-c-new/ttx-TiMg-3-1-D2h.cif,structures/TiMg/4-c-new/ttx-TiMg-3-1-D2h.cif
ttp-TiMg-4-12-D2h,ttp-TiMg-4-12-D2h,4-c,TiMg,new,ttp,4,N4,12,in_distribution,2.273665,3.012569,-0.738904,0.988060,8040,7944,,reused_existing,TiMg/4-c-new/ttp-TiMg-4-12-D2h.cif,structures/TiMg/4-c-new/ttp-TiMg-4-12-D2h.cif
ttx-TiMg-4-12-D2h,stp-TiMg-N12-N15-4c-D2h,4-c,TiMg,ori,ttx,4,N4,12,in_distribution,2.538636,3.012569,-0.473933,0.988060,12060,11916,,reused_existing,TiMg/4-c-ori/ttx-TiMg-4-12-D2h.cif,structures/TiMg/4-c-ori/ttx-TiMg-4-12-D2h.cif
ttp-TiMg-5-665-D2h,ttp-TiMg-5-665-D2h,4-c,TiMg,new,ttp,5,N5,665,in_distribution,2.476725,3.012569,-0.535844,0.989305,3366,3330,,reused_existing,TiMg/4-c-new/ttp-TiMg-5-665-D2h.cif,structures/TiMg/4-c-new/ttp-TiMg-5-665-D2h.cif
ttx-TiMg-5-665-D2h,stp-TiMg-N665-N19-4c-D2h,4-c,TiMg,ori,ttx,5,N5,665,in_distribution,2.152675,3.012569,-0.859894,0.989305,3366,3330,,reused_existing,TiMg/4-c-ori/ttx-TiMg-5-665-D2h.cif,structures/TiMg/4-c-ori/ttx-TiMg-5-665-D2h.cif
ttp-TiMg-6-614-D2h,ttp-TiMg-6-614-D2h,4-c,TiMg,new,ttp,6,N6,614,in_distribution,2.053550,3.012569,-0.959019,0.991543,2838,2814,,reused_existing,TiMg/4-c-new/ttp-TiMg-6-614-D2h.cif,structures/TiMg/4-c-new/ttp-TiMg-6-614-D2h.cif
ttx-TiMg-6-614-D2h,stp-TiMg-N614-N17-4c-D2h,4-c,TiMg,ori,ttx,6,N6,614,in_distribution,1.990286,3.012569,-1.022283,0.991543,2838,2814,,reused_existing,TiMg/4-c-ori/ttx-TiMg-6-614-D2h.cif,structures/TiMg/4-c-ori/ttx-TiMg-6-614-D2h.cif
fsi-TiMg-7-7-D2h-D2d,fsi-TiMg-N7-N25-4c-D2d,4-c,TiMg,ori,fsi,7,N7,7,in_distribution,2.851090,3.012569,-0.161479,0.980296,9744,9552,,reused_existing,TiMg/4-c-ori/fsi-TiMg-7-7-D2h-D2d.cif,structures/TiMg/4-c-ori/fsi-TiMg-7-7-D2h-D2d.cif
hea-TiMg-7-7-D2h-D2d,hea-TiMg-N7-N25-4c-D2d,4-c,TiMg,ori,hea,7,N7,7,in_distribution,2.475827,3.012569,-0.536742,0.980296,7308,7164,,reused_existing,TiMg/4-c-ori/hea-TiMg-7-7-D2h-D2d.cif,structures/TiMg/4-c-ori/hea-TiMg-7-7-D2h-D2d.cif
ttp-TiMg-7-7-D2h-D2d,ttp-TiMg-7-7-D2h-D2d,4-c,TiMg,new,ttp,7,N7,7,geometric_outlier,3.023633,3.012569,0.011064,0.980296,7308,7164,,reused_existing,TiMg/4-c-new/ttp-TiMg-7-7-D2h-D2d.cif,structures/TiMg/4-c-new/ttp-TiMg-7-7-D2h-D2d.cif
ttx-TiMg-7-7-D2h-D2d,ttx-TiMg-7-7-D2h-D2d,4-c,TiMg,new,ttx,7,N7,7,in_distribution,2.709720,3.012569,-0.302849,0.980296,7308,7164,,reused_existing,TiMg/4-c-new/ttx-TiMg-7-7-D2h-D2d.cif,structures/TiMg/4-c-new/ttx-TiMg-7-7-D2h-D2d.cif
txs-TiMg-7-7-D2h-D2d,txs-TiMg-N7-N25-4c-D2d,4-c,TiMg,ori,txs,7,N7,7,in_distribution,2.923966,3.012569,-0.088603,0.980296,9744,9552,,reused_existing,TiMg/4-c-ori/txs-TiMg-7-7-D2h-D2d.cif,structures/TiMg/4-c-ori/txs-TiMg-7-7-D2h-D2d.cif
fsi-TiMg-8-644-D2h-D2d,fsi-TiMg-8-644-D2h-D2d,4-c,TiMg,new,fsi,8,N8,644,geometric_outlier,3.017928,3.012569,0.005359,0.980769,9984,9792,,reused_existing,TiMg/4-c-new/fsi-TiMg-8-644-D2h-D2d.cif,structures/TiMg/4-c-new/fsi-TiMg-8-644-D2h-D2d.cif
hea-TiMg-8-644-D2h-D2d,hea-TiMg-8-644-D2h-D2d,4-c,TiMg,new,hea,8,N8,644,geometric_outlier,3.077779,3.012569,0.065210,0.980769,7488,7344,,reused_existing,TiMg/4-c-new/hea-TiMg-8-644-D2h-D2d.cif,structures/TiMg/4-c-new/hea-TiMg-8-644-D2h-D2d.cif
ttp-TiMg-8-644-D2h-D2d,stp-TiMg-N644-N18-4c-D2h,4-c,TiMg,ori,ttp,8,N8,644,in_distribution,2.512319,3.012569,-0.500250,0.980769,7488,7344,,reused_existing,TiMg/4-c-ori/ttp-TiMg-8-644-D2h-D2d.cif,structures/TiMg/4-c-ori/ttp-TiMg-8-644-D2h-D2d.cif
ttx-TiMg-8-644-D2h-D2d,ttx-TiMg-8-644-D2h-D2d,4-c,TiMg,new,ttx,8,N8,644,in_distribution,2.948194,3.012569,-0.064375,0.980769,4992,4896,,reused_existing,TiMg/4-c-new/ttx-TiMg-8-644-D2h-D2d.cif,structures/TiMg/4-c-new/ttx-TiMg-8-644-D2h-D2d.cif
txs-TiMg-8-644-D2h-D2d,txs-TiMg-8-644-D2h-D2d,4-c,TiMg,new,txs,8,N8,644,in_distribution,2.848942,3.012569,-0.163627,0.980769,9984,9792,,reused_existing,TiMg/4-c-new/txs-TiMg-8-644-D2h-D2d.cif,structures/TiMg/4-c-new/txs-TiMg-8-644-D2h-D2d.cif
fsi-TiMg-9-201-D2h-D2d,fsi-TiMg-9-201-D2h-D2d,4-c,TiMg,new,fsi,9,N9,201,in_distribution,2.775766,3.012569,-0.236803,0.980913,19280,18912,,reused_existing,TiMg/4-c-new/fsi-TiMg-9-201-D2h-D2d.cif,structures/TiMg/4-c-new/fsi-TiMg-9-201-D2h-D2d.cif
hea-TiMg-9-201-D2h-D2d,hea-TiMg-9-201-D2h-D2d,4-c,TiMg,new,hea,9,N9,201,in_distribution,2.277854,3.012569,-0.734715,0.989950,14328,14184,,reused_existing,TiMg/4-c-new/hea-TiMg-9-201-D2h-D2d.cif,structures/TiMg/4-c-new/hea-TiMg-9-201-D2h-D2d.cif
ttp-TiMg-9-201-D2h-D2d,stp-TiMg-N201-N16-4c-D2h,4-c,TiMg,ori,ttp,9,N9,201,in_distribution,2.227778,3.012569,-0.784791,0.989950,3582,3546,,reused_existing,TiMg/4-c-ori/ttp-TiMg-9-201-D2h-D2d.cif,structures/TiMg/4-c-ori/ttp-TiMg-9-201-D2h-D2d.cif
ttx-TiMg-9-201-D2h-D2d,ttx-TiMg-9-201-D2h-D2d,4-c,TiMg,new,ttx,9,N9,201,in_distribution,2.291568,3.012569,-0.721001,0.989950,9552,9456,,reused_existing,TiMg/4-c-new/ttx-TiMg-9-201-D2h-D2d.cif,structures/TiMg/4-c-new/ttx-TiMg-9-201-D2h-D2d.cif
txs-TiMg-9-201-D2h-D2d,txs-TiMg-9-201-D2h-D2d,4-c,TiMg,new,txs,9,N9,201,in_distribution,2.131352,3.012569,-0.881217,0.989950,9552,9456,,reused_existing,TiMg/4-c-new/txs-TiMg-9-201-D2h-D2d.cif,structures/TiMg/4-c-new/txs-TiMg-9-201-D2h-D2d.cif
fsi-TiMg-10-607-D2h-D2d,fsi-TiMg-N607-N23-4c-D2d,4-c,TiMg,ori,fsi,10,N10,607,in_distribution,2.862951,3.012569,-0.149618,0.989796,9408,9312,,reused_existing,TiMg/4-c-ori/fsi-TiMg-10-607-D2h-D2d.cif,structures/TiMg/4-c-ori/fsi-TiMg-10-607-D2h-D2d.cif
hea-TiMg-10-607-D2h-D2d,hea-TiMg-N607-N23-4c-D2d,4-c,TiMg,ori,hea,10,N10,607,in_distribution,2.872313,3.012569,-0.140256,0.989796,14112,13968,,reused_existing,TiMg/4-c-ori/hea-TiMg-10-607-D2h-D2d.cif,structures/TiMg/4-c-ori/hea-TiMg-10-607-D2h-D2d.cif
ttp-TiMg-10-607-D2h-D2d,ttp-TiMg-10-607-D2h-D2d,4-c,TiMg,new,ttp,10,N10,607,in_distribution,2.463642,3.012569,-0.548927,0.989796,2352,2328,,reused_existing,TiMg/4-c-new/ttp-TiMg-10-607-D2h-D2d.cif,structures/TiMg/4-c-new/ttp-TiMg-10-607-D2h-D2d.cif
ttx-TiMg-10-607-D2h-D2d,ttx-TiMg-10-607-D2h-D2d,4-c,TiMg,new,ttx,10,N10,607,in_distribution,2.511393,3.012569,-0.501176,0.989796,9408,9312,,reused_existing,TiMg/4-c-new/ttx-TiMg-10-607-D2h-D2d.cif,structures/TiMg/4-c-new/ttx-TiMg-10-607-D2h-D2d.cif
txs-TiMg-10-607-D2h-D2d,txs-TiMg-N607-N23-4c-D2d,4-c,TiMg,ori,txs,10,N10,607,in_distribution,2.929693,3.012569,-0.082876,0.989796,9408,9312,,reused_existing,TiMg/4-c-ori/txs-TiMg-10-607-D2h-D2d.cif,structures/TiMg/4-c-ori/txs-TiMg-10-607-D2h-D2d.cif
fsi-TiMg-11-662-D4h-T,fsi-TiMg-N662-N21-4c-Td,4-c,TiMg,ori,fsi,11,N11,662,in_distribution,2.674371,3.012569,-0.338198,0.993769,7704,7656,,reused_existing,TiMg/4-c-ori/fsi-TiMg-11-662-D4h-T.cif,structures/TiMg/4-c-ori/fsi-TiMg-11-662-D4h-T.cif
hea-TiMg-11-662-D4h-T,hea-TiMg-N662-N21-4c-Td,4-c,TiMg,ori,hea,11,N11,662,in_distribution,2.604166,3.012569,-0.408403,0.993769,5778,5742,,reused_existing,TiMg/4-c-ori/hea-TiMg-11-662-D4h-T.cif,structures/TiMg/4-c-ori/hea-TiMg-11-662-D4h-T.cif
stp-TiMg-11-662-D4h-T,stp-TiMg-11-662-D4h-T,4-c,TiMg,new,stp,11,N11,662,in_distribution,2.803085,3.012569,-0.209484,0.993769,3852,3828,,reused_existing,TiMg/4-c-new/stp-TiMg-11-662-D4h-T.cif,structures/TiMg/4-c-new/stp-TiMg-11-662-D4h-T.cif
txs-TiMg-11-662-D4h-T,txs-TiMg-N662-N21-4c-Td,4-c,TiMg,ori,txs,11,N11,662,in_distribution,2.678299,3.012569,-0.334270,0.993769,3852,3828,,reused_existing,TiMg/4-c-ori/txs-TiMg-11-662-D4h-T.cif,structures/TiMg/4-c-ori/txs-TiMg-11-662-D4h-T.cif
fsi-TiMg-12-693-Td,fsi-TiMg-N693-N22-4c-Td,4-c,TiMg,ori,fsi,12,N12,693,in_distribution,2.656169,3.012569,-0.356400,0.961364,14080,13536,,reused_existing,TiMg/4-c-ori/fsi-TiMg-12-693-Td.cif,structures/TiMg/4-c-ori/fsi-TiMg-12-693-Td.cif
hea-TiMg-12-693-Td,hea-TiMg-N693-N22-4c-Td,4-c,TiMg,ori,hea,12,N12,693,in_distribution,2.673101,3.012569,-0.339468,0.901639,25376,22880,,reused_existing,TiMg/4-c-ori/hea-TiMg-12-693-Td.cif,structures/TiMg/4-c-ori/hea-TiMg-12-693-Td.cif
txs-TiMg-12-693-Td,txs-TiMg-N693-N22-4c-Td,4-c,TiMg,ori,txs,12,N12,693,geometric_outlier,3.246800,3.012569,0.234231,0.986364,14080,13888,,reused_existing,TiMg/4-c-ori/txs-TiMg-12-693-Td.cif,structures/TiMg/4-c-ori/txs-TiMg-12-693-Td.cif
fsi-TiMg-13-600-Td,fsi-TiMg-N600-N20-4c-Td,4-c,TiMg,ori,fsi,13,N13,600,geometric_outlier,3.600089,3.012569,0.587520,0.988166,16224,16032,,reused_existing,TiMg/4-c-ori/fsi-TiMg-13-600-Td.cif,structures/TiMg/4-c-ori/fsi-TiMg-13-600-Td.cif
hea-TiMg-13-600-Td,hea-TiMg-N600-N20-4c-Td,4-c,TiMg,ori,hea,13,N13,600,in_distribution,2.764283,3.012569,-0.248286,0.984605,12212,12024,,reused_existing,TiMg/4-c-ori/hea-TiMg-13-600-Td.cif,structures/TiMg/4-c-ori/hea-TiMg-13-600-Td.cif
txs-TiMg-13-600-Td,txs-TiMg-N600-N20-4c-Td,4-c,TiMg,ori,txs,13,N13,600,geometric_outlier,3.017338,3.012569,0.004769,0.988166,16224,16032,,reused_existing,TiMg/4-c-ori/txs-TiMg-13-600-Td.cif,structures/TiMg/4-c-ori/txs-TiMg-13-600-Td.cif
