structure,connectivity,metal,subset,topology,linker_no,linker_label,linker_id,source_relative_path,package_structure_path
ceq-Cr3F-1-10,3-c,Cr3F,3-c,ceq,1,N1,10,Cr3F/3-c/ceq-Cr3F-1-10.cif,structures/Cr3F/3-c/ceq-Cr3F-1-10.cif
ceq-Cr3F-10-333,3-c,Cr3F,3-c,ceq,10,N10,333,Cr3F/3-c/ceq-Cr3F-10-333.cif,structures/Cr3F/3-c/ceq-Cr3F-10-333.cif
ceq-Cr3F-11-516,3-c,Cr3F,3-c,ceq,11,N11,516,Cr3F/3-c/ceq-Cr3F-11-516.cif,structures/Cr3F/3-c/ceq-Cr3F-11-516.cif
ceq-Cr3F-12-639,3-c,Cr3F,3-c,ceq,12,N12,639,Cr3F/3-c/ceq-Cr3F-12-639.cif,structures/Cr3F/3-c/ceq-Cr3F-12-639.cif
ceq-Cr3F-13-126,3-c,Cr3F,3-c,ceq,13,N13,126,Cr3F/3-c/ceq-Cr3F-13-126.cif,structures/Cr3F/3-c/ceq-Cr3F-13-126.cif
ceq-Cr3F-2-19,3-c,Cr3F,3-c,ceq,2,N2,19,Cr3F/3-c/ceq-Cr3F-2-19.cif,structures/Cr3F/3-c/ceq-Cr3F-2-19.cif
ceq-Cr3F-3-20,3-c,Cr3F,3-c,ceq,3,N3,20,Cr3F/3-c/ceq-Cr3F-3-20.cif,structures/Cr3F/3-c/ceq-Cr3F-3-20.cif
ceq-Cr3F-4-410,3-c,Cr3F,3-c,ceq,4,N4,410,Cr3F/3-c/ceq-Cr3F-4-410.cif,structures/Cr3F/3-c/ceq-Cr3F-4-410.cif
ceq-Cr3F-5-386,3-c,Cr3F,3-c,ceq,5,N5,386,Cr3F/3-c/ceq-Cr3F-5-386.cif,structures/Cr3F/3-c/ceq-Cr3F-5-386.cif
ceq-Cr3F-6-225,3-c,Cr3F,3-c,ceq,6,N6,225,Cr3F/3-c/ceq-Cr3F-6-225.cif,structures/Cr3F/3-c/ceq-Cr3F-6-225.cif
ceq-Cr3F-7-592,3-c,Cr3F,3-c,ceq,7,N7,592,Cr3F/3-c/ceq-Cr3F-7-592.cif,structures/Cr3F/3-c/ceq-Cr3F-7-592.cif
ceq-Cr3F-9-130,3-c,Cr3F,3-c,ceq,9,N9,130,Cr3F/3-c/ceq-Cr3F-9-130.cif,structures/Cr3F/3-c/ceq-Cr3F-9-130.cif
cml-Cr3F-1-10,3-c,Cr3F,3-c,cml,1,N1,10,Cr3F/3-c/cml-Cr3F-1-10.cif,structures/Cr3F/3-c/cml-Cr3F-1-10.cif
cml-Cr3F-10-333,3-c,Cr3F,3-c,cml,10,N10,333,Cr3F/3-c/cml-Cr3F-10-333.cif,structures/Cr3F/3-c/cml-Cr3F-10-333.cif
cml-Cr3F-11-516,3-c,Cr3F,3-c,cml,11,N11,516,Cr3F/3-c/cml-Cr3F-11-516.cif,structures/Cr3F/3-c/cml-Cr3F-11-516.cif
cml-Cr3F-12-639,3-c,Cr3F,3-c,cml,12,N12,639,Cr3F/3-c/cml-Cr3F-12-639.cif,structures/Cr3F/3-c/cml-Cr3F-12-639.cif
cml-Cr3F-13-126,3-c,Cr3F,3-c,cml,13,N13,126,Cr3F/3-c/cml-Cr3F-13-126.cif,structures/Cr3F/3-c/cml-Cr3F-13-126.cif
cml-Cr3F-2-19,3-c,Cr3F,3-c,cml,2,N2,19,Cr3F/3-c/cml-Cr3F-2-19.cif,structures/Cr3F/3-c/cml-Cr3F-2-19.cif
cml-Cr3F-3-20,3-c,Cr3F,3-c,cml,3,N3,20,Cr3F/3-c/cml-Cr3F-3-20.cif,structures/Cr3F/3-c/cml-Cr3F-3-20.cif
cml-Cr3F-4-410,3-c,Cr3F,3-c,cml,4,N4,410,Cr3F/3-c/cml-Cr3F-4-410.cif,structures/Cr3F/3-c/cml-Cr3F-4-410.cif
cml-Cr3F-5-386,3-c,Cr3F,3-c,cml,5,N5,386,Cr3F/3-c/cml-Cr3F-5-386.cif,structures/Cr3F/3-c/cml-Cr3F-5-386.cif
cml-Cr3F-6-225,3-c,Cr3F,3-c,cml,6,N6,225,Cr3F/3-c/cml-Cr3F-6-225.cif,structures/Cr3F/3-c/cml-Cr3F-6-225.cif
cml-Cr3F-7-592,3-c,Cr3F,3-c,cml,7,N7,592,Cr3F/3-c/cml-Cr3F-7-592.cif,structures/Cr3F/3-c/cml-Cr3F-7-592.cif
cml-Cr3F-9-130,3-c,Cr3F,3-c,cml,9,N9,130,Cr3F/3-c/cml-Cr3F-9-130.cif,structures/Cr3F/3-c/cml-Cr3F-9-130.cif
dag-Cr3F-1-10,3-c,Cr3F,3-c,dag,1,N1,10,Cr3F/3-c/dag-Cr3F-1-10.cif,structures/Cr3F/3-c/dag-Cr3F-1-10.cif
dag-Cr3F-10-333,3-c,Cr3F,3-c,dag,10,N10,333,Cr3F/3-c/dag-Cr3F-10-333.cif,structures/Cr3F/3-c/dag-Cr3F-10-333.cif
dag-Cr3F-11-516,3-c,Cr3F,3-c,dag,11,N11,516,Cr3F/3-c/dag-Cr3F-11-516.cif,structures/Cr3F/3-c/dag-Cr3F-11-516.cif
dag-Cr3F-12-639,3-c,Cr3F,3-c,dag,12,N12,639,Cr3F/3-c/dag-Cr3F-12-639.cif,structures/Cr3F/3-c/dag-Cr3F-12-639.cif
dag-Cr3F-13-126,3-c,Cr3F,3-c,dag,13,N13,126,Cr3F/3-c/dag-Cr3F-13-126.cif,structures/Cr3F/3-c/dag-Cr3F-13-126.cif
dag-Cr3F-2-19,3-c,Cr3F,3-c,dag,2,N2,19,Cr3F/3-c/dag-Cr3F-2-19.cif,structures/Cr3F/3-c/dag-Cr3F-2-19.cif
dag-Cr3F-3-20,3-c,Cr3F,3-c,dag,3,N3,20,Cr3F/3-c/dag-Cr3F-3-20.cif,structures/Cr3F/3-c/dag-Cr3F-3-20.cif
dag-Cr3F-4-410,3-c,Cr3F,3-c,dag,4,N4,410,Cr3F/3-c/dag-Cr3F-4-410.cif,structures/Cr3F/3-c/dag-Cr3F-4-410.cif
dag-Cr3F-5-386,3-c,Cr3F,3-c,dag,5,N5,386,Cr3F/3-c/dag-Cr3F-5-386.cif,structures/Cr3F/3-c/dag-Cr3F-5-386.cif
dag-Cr3F-6-225,3-c,Cr3F,3-c,dag,6,N6,225,Cr3F/3-c/dag-Cr3F-6-225.cif,structures/Cr3F/3-c/dag-Cr3F-6-225.cif
dag-Cr3F-7-592,3-c,Cr3F,3-c,dag,7,N7,592,Cr3F/3-c/dag-Cr3F-7-592.cif,structures/Cr3F/3-c/dag-Cr3F-7-592.cif
dag-Cr3F-9-130,3-c,Cr3F,3-c,dag,9,N9,130,Cr3F/3-c/dag-Cr3F-9-130.cif,structures/Cr3F/3-c/dag-Cr3F-9-130.cif
fmz-Cr3F-1-10,3-c,Cr3F,3-c,fmz,1,N1,10,Cr3F/3-c/fmz-Cr3F-1-10.cif,structures/Cr3F/3-c/fmz-Cr3F-1-10.cif
fmz-Cr3F-10-333,3-c,Cr3F,3-c,fmz,10,N10,333,Cr3F/3-c/fmz-Cr3F-10-333.cif,structures/Cr3F/3-c/fmz-Cr3F-10-333.cif
fmz-Cr3F-11-516,3-c,Cr3F,3-c,fmz,11,N11,516,Cr3F/3-c/fmz-Cr3F-11-516.cif,structures/Cr3F/3-c/fmz-Cr3F-11-516.cif
fmz-Cr3F-12-639,3-c,Cr3F,3-c,fmz,12,N12,639,Cr3F/3-c/fmz-Cr3F-12-639.cif,structures/Cr3F/3-c/fmz-Cr3F-12-639.cif
fmz-Cr3F-13-126,3-c,Cr3F,3-c,fmz,13,N13,126,Cr3F/3-c/fmz-Cr3F-13-126.cif,structures/Cr3F/3-c/fmz-Cr3F-13-126.cif
fmz-Cr3F-2-19,3-c,Cr3F,3-c,fmz,2,N2,19,Cr3F/3-c/fmz-Cr3F-2-19.cif,structures/Cr3F/3-c/fmz-Cr3F-2-19.cif
fmz-Cr3F-3-20,3-c,Cr3F,3-c,fmz,3,N3,20,Cr3F/3-c/fmz-Cr3F-3-20.cif,structures/Cr3F/3-c/fmz-Cr3F-3-20.cif
fmz-Cr3F-4-410,3-c,Cr3F,3-c,fmz,4,N4,410,Cr3F/3-c/fmz-Cr3F-4-410.cif,structures/Cr3F/3-c/fmz-Cr3F-4-410.cif
fmz-Cr3F-5-386,3-c,Cr3F,3-c,fmz,5,N5,386,Cr3F/3-c/fmz-Cr3F-5-386.cif,structures/Cr3F/3-c/fmz-Cr3F-5-386.cif
fmz-Cr3F-6-225,3-c,Cr3F,3-c,fmz,6,N6,225,Cr3F/3-c/fmz-Cr3F-6-225.cif,structures/Cr3F/3-c/fmz-Cr3F-6-225.cif
fmz-Cr3F-7-592,3-c,Cr3F,3-c,fmz,7,N7,592,Cr3F/3-c/fmz-Cr3F-7-592.cif,structures/Cr3F/3-c/fmz-Cr3F-7-592.cif
fmz-Cr3F-9-130,3-c,Cr3F,3-c,fmz,9,N9,130,Cr3F/3-c/fmz-Cr3F-9-130.cif,structures/Cr3F/3-c/fmz-Cr3F-9-130.cif
hwx-Cr3F-1-10,3-c,Cr3F,3-c,hwx,1,N1,10,Cr3F/3-c/hwx-Cr3F-1-10.cif,structures/Cr3F/3-c/hwx-Cr3F-1-10.cif
hwx-Cr3F-10-333,3-c,Cr3F,3-c,hwx,10,N10,333,Cr3F/3-c/hwx-Cr3F-10-333.cif,structures/Cr3F/3-c/hwx-Cr3F-10-333.cif
hwx-Cr3F-11-516,3-c,Cr3F,3-c,hwx,11,N11,516,Cr3F/3-c/hwx-Cr3F-11-516.cif,structures/Cr3F/3-c/hwx-Cr3F-11-516.cif
hwx-Cr3F-12-639,3-c,Cr3F,3-c,hwx,12,N12,639,Cr3F/3-c/hwx-Cr3F-12-639.cif,structures/Cr3F/3-c/hwx-Cr3F-12-639.cif
hwx-Cr3F-13-126,3-c,Cr3F,3-c,hwx,13,N13,126,Cr3F/3-c/hwx-Cr3F-13-126.cif,structures/Cr3F/3-c/hwx-Cr3F-13-126.cif
hwx-Cr3F-2-19,3-c,Cr3F,3-c,hwx,2,N2,19,Cr3F/3-c/hwx-Cr3F-2-19.cif,structures/Cr3F/3-c/hwx-Cr3F-2-19.cif
hwx-Cr3F-3-20,3-c,Cr3F,3-c,hwx,3,N3,20,Cr3F/3-c/hwx-Cr3F-3-20.cif,structures/Cr3F/3-c/hwx-Cr3F-3-20.cif
hwx-Cr3F-4-410,3-c,Cr3F,3-c,hwx,4,N4,410,Cr3F/3-c/hwx-Cr3F-4-410.cif,structures/Cr3F/3-c/hwx-Cr3F-4-410.cif
hwx-Cr3F-5-386,3-c,Cr3F,3-c,hwx,5,N5,386,Cr3F/3-c/hwx-Cr3F-5-386.cif,structures/Cr3F/3-c/hwx-Cr3F-5-386.cif
hwx-Cr3F-6-225,3-c,Cr3F,3-c,hwx,6,N6,225,Cr3F/3-c/hwx-Cr3F-6-225.cif,structures/Cr3F/3-c/hwx-Cr3F-6-225.cif
hwx-Cr3F-7-592,3-c,Cr3F,3-c,hwx,7,N7,592,Cr3F/3-c/hwx-Cr3F-7-592.cif,structures/Cr3F/3-c/hwx-Cr3F-7-592.cif
hwx-Cr3F-9-130,3-c,Cr3F,3-c,hwx,9,N9,130,Cr3F/3-c/hwx-Cr3F-9-130.cif,structures/Cr3F/3-c/hwx-Cr3F-9-130.cif
sab-Cr3F-1-10,3-c,Cr3F,3-c,sab,1,N1,10,Cr3F/3-c/sab-Cr3F-1-10.cif,structures/Cr3F/3-c/sab-Cr3F-1-10.cif
sab-Cr3F-10-333,3-c,Cr3F,3-c,sab,10,N10,333,Cr3F/3-c/sab-Cr3F-10-333.cif,structures/Cr3F/3-c/sab-Cr3F-10-333.cif
sab-Cr3F-11-516,3-c,Cr3F,3-c,sab,11,N11,516,Cr3F/3-c/sab-Cr3F-11-516.cif,structures/Cr3F/3-c/sab-Cr3F-11-516.cif
sab-Cr3F-12-639,3-c,Cr3F,3-c,sab,12,N12,639,Cr3F/3-c/sab-Cr3F-12-639.cif,structures/Cr3F/3-c/sab-Cr3F-12-639.cif
sab-Cr3F-13-126,3-c,Cr3F,3-c,sab,13,N13,126,Cr3F/3-c/sab-Cr3F-13-126.cif,structures/Cr3F/3-c/sab-Cr3F-13-126.cif
sab-Cr3F-2-19,3-c,Cr3F,3-c,sab,2,N2,19,Cr3F/3-c/sab-Cr3F-2-19.cif,structures/Cr3F/3-c/sab-Cr3F-2-19.cif
sab-Cr3F-3-20,3-c,Cr3F,3-c,sab,3,N3,20,Cr3F/3-c/sab-Cr3F-3-20.cif,structures/Cr3F/3-c/sab-Cr3F-3-20.cif
sab-Cr3F-4-410,3-c,Cr3F,3-c,sab,4,N4,410,Cr3F/3-c/sab-Cr3F-4-410.cif,structures/Cr3F/3-c/sab-Cr3F-4-410.cif
sab-Cr3F-5-386,3-c,Cr3F,3-c,sab,5,N5,386,Cr3F/3-c/sab-Cr3F-5-386.cif,structures/Cr3F/3-c/sab-Cr3F-5-386.cif
sab-Cr3F-6-225,3-c,Cr3F,3-c,sab,6,N6,225,Cr3F/3-c/sab-Cr3F-6-225.cif,structures/Cr3F/3-c/sab-Cr3F-6-225.cif
sab-Cr3F-7-592,3-c,Cr3F,3-c,sab,7,N7,592,Cr3F/3-c/sab-Cr3F-7-592.cif,structures/Cr3F/3-c/sab-Cr3F-7-592.cif
sab-Cr3F-9-130,3-c,Cr3F,3-c,sab,9,N9,130,Cr3F/3-c/sab-Cr3F-9-130.cif,structures/Cr3F/3-c/sab-Cr3F-9-130.cif
sit-Cr3F-1-10,3-c,Cr3F,3-c,sit,1,N1,10,Cr3F/3-c/sit-Cr3F-1-10.cif,structures/Cr3F/3-c/sit-Cr3F-1-10.cif
sit-Cr3F-10-333,3-c,Cr3F,3-c,sit,10,N10,333,Cr3F/3-c/sit-Cr3F-10-333.cif,structures/Cr3F/3-c/sit-Cr3F-10-333.cif
sit-Cr3F-11-516,3-c,Cr3F,3-c,sit,11,N11,516,Cr3F/3-c/sit-Cr3F-11-516.cif,structures/Cr3F/3-c/sit-Cr3F-11-516.cif
sit-Cr3F-12-639,3-c,Cr3F,3-c,sit,12,N12,639,Cr3F/3-c/sit-Cr3F-12-639.cif,structures/Cr3F/3-c/sit-Cr3F-12-639.cif
sit-Cr3F-13-126,3-c,Cr3F,3-c,sit,13,N13,126,Cr3F/3-c/sit-Cr3F-13-126.cif,structures/Cr3F/3-c/sit-Cr3F-13-126.cif
sit-Cr3F-2-19,3-c,Cr3F,3-c,sit,2,N2,19,Cr3F/3-c/sit-Cr3F-2-19.cif,structures/Cr3F/3-c/sit-Cr3F-2-19.cif
sit-Cr3F-3-20,3-c,Cr3F,3-c,sit,3,N3,20,Cr3F/3-c/sit-Cr3F-3-20.cif,structures/Cr3F/3-c/sit-Cr3F-3-20.cif
sit-Cr3F-4-410,3-c,Cr3F,3-c,sit,4,N4,410,Cr3F/3-c/sit-Cr3F-4-410.cif,structures/Cr3F/3-c/sit-Cr3F-4-410.cif
sit-Cr3F-5-386,3-c,Cr3F,3-c,sit,5,N5,386,Cr3F/3-c/sit-Cr3F-5-386.cif,structures/Cr3F/3-c/sit-Cr3F-5-386.cif
sit-Cr3F-6-225,3-c,Cr3F,3-c,sit,6,N6,225,Cr3F/3-c/sit-Cr3F-6-225.cif,structures/Cr3F/3-c/sit-Cr3F-6-225.cif
sit-Cr3F-7-592,3-c,Cr3F,3-c,sit,7,N7,592,Cr3F/3-c/sit-Cr3F-7-592.cif,structures/Cr3F/3-c/sit-Cr3F-7-592.cif
sit-Cr3F-9-130,3-c,Cr3F,3-c,sit,9,N9,130,Cr3F/3-c/sit-Cr3F-9-130.cif,structures/Cr3F/3-c/sit-Cr3F-9-130.cif
ydq-Cr3F-1-10,3-c,Cr3F,3-c,ydq,1,N1,10,Cr3F/3-c/ydq-Cr3F-1-10.cif,structures/Cr3F/3-c/ydq-Cr3F-1-10.cif
ydq-Cr3F-10-333,3-c,Cr3F,3-c,ydq,10,N10,333,Cr3F/3-c/ydq-Cr3F-10-333.cif,structures/Cr3F/3-c/ydq-Cr3F-10-333.cif
ydq-Cr3F-11-516,3-c,Cr3F,3-c,ydq,11,N11,516,Cr3F/3-c/ydq-Cr3F-11-516.cif,structures/Cr3F/3-c/ydq-Cr3F-11-516.cif
ydq-Cr3F-12-639,3-c,Cr3F,3-c,ydq,12,N12,639,Cr3F/3-c/ydq-Cr3F-12-639.cif,structures/Cr3F/3-c/ydq-Cr3F-12-639.cif
ydq-Cr3F-13-126,3-c,Cr3F,3-c,ydq,13,N13,126,Cr3F/3-c/ydq-Cr3F-13-126.cif,structures/Cr3F/3-c/ydq-Cr3F-13-126.cif
ydq-Cr3F-2-19,3-c,Cr3F,3-c,ydq,2,N2,19,Cr3F/3-c/ydq-Cr3F-2-19.cif,structures/Cr3F/3-c/ydq-Cr3F-2-19.cif
ydq-Cr3F-3-20,3-c,Cr3F,3-c,ydq,3,N3,20,Cr3F/3-c/ydq-Cr3F-3-20.cif,structures/Cr3F/3-c/ydq-Cr3F-3-20.cif
ydq-Cr3F-4-410,3-c,Cr3F,3-c,ydq,4,N4,410,Cr3F/3-c/ydq-Cr3F-4-410.cif,structures/Cr3F/3-c/ydq-Cr3F-4-410.cif
ydq-Cr3F-5-386,3-c,Cr3F,3-c,ydq,5,N5,386,Cr3F/3-c/ydq-Cr3F-5-386.cif,structures/Cr3F/3-c/ydq-Cr3F-5-386.cif
ydq-Cr3F-6-225,3-c,Cr3F,3-c,ydq,6,N6,225,Cr3F/3-c/ydq-Cr3F-6-225.cif,structures/Cr3F/3-c/ydq-Cr3F-6-225.cif
ydq-Cr3F-7-592,3-c,Cr3F,3-c,ydq,7,N7,592,Cr3F/3-c/ydq-Cr3F-7-592.cif,structures/Cr3F/3-c/ydq-Cr3F-7-592.cif
ydq-Cr3F-9-130,3-c,Cr3F,3-c,ydq,9,N9,130,Cr3F/3-c/ydq-Cr3F-9-130.cif,structures/Cr3F/3-c/ydq-Cr3F-9-130.cif
fsi-Cr3F-8-644-D2h-D2d,4-c,Cr3F,new,fsi,8,N8,644,Cr3F/4-c-new/fsi-Cr3F-8-644-D2h-D2d.cif,structures/Cr3F/4-c-new/fsi-Cr3F-8-644-D2h-D2d.cif
fsi-Cr3F-9-201-D2h-D2d,4-c,Cr3F,new,fsi,9,N9,201,Cr3F/4-c-new/fsi-Cr3F-9-201-D2h-D2d.cif,structures/Cr3F/4-c-new/fsi-Cr3F-9-201-D2h-D2d.cif
hea-Cr3F-8-644-D2h-D2d,4-c,Cr3F,new,hea,8,N8,644,Cr3F/4-c-new/hea-Cr3F-8-644-D2h-D2d.cif,structures/Cr3F/4-c-new/hea-Cr3F-8-644-D2h-D2d.cif
hea-Cr3F-9-201-D2h-D2d,4-c,Cr3F,new,hea,9,N9,201,Cr3F/4-c-new/hea-Cr3F-9-201-D2h-D2d.cif,structures/Cr3F/4-c-new/hea-Cr3F-9-201-D2h-D2d.cif
stp-Cr3F-11-662-T,4-c,Cr3F,new,stp,11,N11,662,Cr3F/4-c-new/stp-Cr3F-11-662-T.cif,structures/Cr3F/4-c-new/stp-Cr3F-11-662-T.cif
ttp-Cr3F-10-607-D2h-D2d,4-c,Cr3F,new,ttp,10,N10,607,Cr3F/4-c-new/ttp-Cr3F-10-607-D2h-D2d.cif,structures/Cr3F/4-c-new/ttp-Cr3F-10-607-D2h-D2d.cif
ttp-Cr3F-4-12-D2h,4-c,Cr3F,new,ttp,4,N4,12,Cr3F/4-c-new/ttp-Cr3F-4-12-D2h.cif,structures/Cr3F/4-c-new/ttp-Cr3F-4-12-D2h.cif
ttp-Cr3F-5-665-D2h,4-c,Cr3F,new,ttp,5,N5,665,Cr3F/4-c-new/ttp-Cr3F-5-665-D2h.cif,structures/Cr3F/4-c-new/ttp-Cr3F-5-665-D2h.cif
ttp-Cr3F-7-7-D2h-D2d,4-c,Cr3F,new,ttp,7,N7,7,Cr3F/4-c-new/ttp-Cr3F-7-7-D2h-D2d.cif,structures/Cr3F/4-c-new/ttp-Cr3F-7-7-D2h-D2d.cif
ttp-Cr3f-6-614-D2d,4-c,Cr3F,new,ttp,6,N6,614,Cr3F/4-c-new/ttp-Cr3f-6-614-D2d.cif,structures/Cr3F/4-c-new/ttp-Cr3f-6-614-D2d.cif
ttx-Cr3F-10-607-D2h-D2d,4-c,Cr3F,new,ttx,10,N10,607,Cr3F/4-c-new/ttx-Cr3F-10-607-D2h-D2d.cif,structures/Cr3F/4-c-new/ttx-Cr3F-10-607-D2h-D2d.cif
ttx-Cr3F-7-7-D2h-D2d,4-c,Cr3F,new,ttx,7,N7,7,Cr3F/4-c-new/ttx-Cr3F-7-7-D2h-D2d.cif,structures/Cr3F/4-c-new/ttx-Cr3F-7-7-D2h-D2d.cif
ttx-Cr3F-8-644-D2h-D2d,4-c,Cr3F,new,ttx,8,N8,644,Cr3F/4-c-new/ttx-Cr3F-8-644-D2h-D2d.cif,structures/Cr3F/4-c-new/ttx-Cr3F-8-644-D2h-D2d.cif
ttx-Cr3f-3-1-D2h,4-c,Cr3F,new,ttx,3,N3,1,Cr3F/4-c-new/ttx-Cr3f-3-1-D2h.cif,structures/Cr3F/4-c-new/ttx-Cr3f-3-1-D2h.cif
ttx-Cr3f-9-201-D2h-D2d,4-c,Cr3F,new,ttx,9,N9,201,Cr3F/4-c-new/ttx-Cr3f-9-201-D2h-D2d.cif,structures/Cr3F/4-c-new/ttx-Cr3f-9-201-D2h-D2d.cif
txs-Cr3F-8-644-D2h-D2d,4-c,Cr3F,new,txs,8,N8,644,Cr3F/4-c-new/txs-Cr3F-8-644-D2h-D2d.cif,structures/Cr3F/4-c-new/txs-Cr3F-8-644-D2h-D2d.cif
txs-Cr3F-9-201-D2h-D2d,4-c,Cr3F,new,txs,9,N9,201,Cr3F/4-c-new/txs-Cr3F-9-201-D2h-D2d.cif,structures/Cr3F/4-c-new/txs-Cr3F-9-201-D2h-D2d.cif
fsi-Cr3F-10-607-D2h-D2d,4-c,Cr3F,ori,fsi,10,N10,607,Cr3F/4-c-ori/fsi-Cr3F-10-607-D2h-D2d.cif,structures/Cr3F/4-c-ori/fsi-Cr3F-10-607-D2h-D2d.cif
fsi-Cr3F-11-662-D4h-T,4-c,Cr3F,ori,fsi,11,N11,662,Cr3F/4-c-ori/fsi-Cr3F-11-662-D4h-T.cif,structures/Cr3F/4-c-ori/fsi-Cr3F-11-662-D4h-T.cif
fsi-Cr3F-12-693-Td,4-c,Cr3F,ori,fsi,12,N12,693,Cr3F/4-c-ori/fsi-Cr3F-12-693-Td.cif,structures/Cr3F/4-c-ori/fsi-Cr3F-12-693-Td.cif
fsi-Cr3F-13-600-Td,4-c,Cr3F,ori,fsi,13,N13,600,Cr3F/4-c-ori/fsi-Cr3F-13-600-Td.cif,structures/Cr3F/4-c-ori/fsi-Cr3F-13-600-Td.cif
fsi-Cr3F-7-7-D2h-D2d,4-c,Cr3F,ori,fsi,7,N7,7,Cr3F/4-c-ori/fsi-Cr3F-7-7-D2h-D2d.cif,structures/Cr3F/4-c-ori/fsi-Cr3F-7-7-D2h-D2d.cif
hea-Cr3F-10-607-D2h-D2d,4-c,Cr3F,ori,hea,10,N10,607,Cr3F/4-c-ori/hea-Cr3F-10-607-D2h-D2d.cif,structures/Cr3F/4-c-ori/hea-Cr3F-10-607-D2h-D2d.cif
hea-Cr3F-11-662-D4h-T,4-c,Cr3F,ori,hea,11,N11,662,Cr3F/4-c-ori/hea-Cr3F-11-662-D4h-T.cif,structures/Cr3F/4-c-ori/hea-Cr3F-11-662-D4h-T.cif
hea-Cr3F-12-693-Td,4-c,Cr3F,ori,hea,12,N12,693,Cr3F/4-c-ori/hea-Cr3F-12-693-Td.cif,structures/Cr3F/4-c-ori/hea-Cr3F-12-693-Td.cif
hea-Cr3F-13-600-Td,4-c,Cr3F,ori,hea,13,N13,600,Cr3F/4-c-ori/hea-Cr3F-13-600-Td.cif,structures/Cr3F/4-c-ori/hea-Cr3F-13-600-Td.cif
hea-Cr3F-7-7-D2h-D2d,4-c,Cr3F,ori,hea,7,N7,7,Cr3F/4-c-ori/hea-Cr3F-7-7-D2h-D2d.cif,structures/Cr3F/4-c-ori/hea-Cr3F-7-7-D2h-D2d.cif
stp-Cr3F-1-445-D4h,4-c,Cr3F,ori,stp,1,N1,445,Cr3F/4-c-ori/stp-Cr3F-1-445-D4h.cif,structures/Cr3F/4-c-ori/stp-Cr3F-1-445-D4h.cif
stp-Cr3F-2-13-D4h,4-c,Cr3F,ori,stp,2,N2,13,Cr3F/4-c-ori/stp-Cr3F-2-13-D4h.cif,structures/Cr3F/4-c-ori/stp-Cr3F-2-13-D4h.cif
ttp-Cr3F-3-1-D2h,4-c,Cr3F,ori,ttp,3,N3,1,Cr3F/4-c-ori/ttp-Cr3F-3-1-D2h.cif,structures/Cr3F/4-c-ori/ttp-Cr3F-3-1-D2h.cif
ttp-Cr3F-8-644-D2h-D2d,4-c,Cr3F,ori,ttp,8,N8,644,Cr3F/4-c-ori/ttp-Cr3F-8-644-D2h-D2d.cif,structures/Cr3F/4-c-ori/ttp-Cr3F-8-644-D2h-D2d.cif
ttp-Cr3F-9-201-D2h-D2d,4-c,Cr3F,ori,ttp,9,N9,201,Cr3F/4-c-ori/ttp-Cr3F-9-201-D2h-D2d.cif,structures/Cr3F/4-c-ori/ttp-Cr3F-9-201-D2h-D2d.cif
ttx-Cr3F-4-12-D2h,4-c,Cr3F,ori,ttx,4,N4,12,Cr3F/4-c-ori/ttx-Cr3F-4-12-D2h.cif,structures/Cr3F/4-c-ori/ttx-Cr3F-4-12-D2h.cif
ttx-Cr3F-5-665-D2h,4-c,Cr3F,ori,ttx,5,N5,665,Cr3F/4-c-ori/ttx-Cr3F-5-665-D2h.cif,structures/Cr3F/4-c-ori/ttx-Cr3F-5-665-D2h.cif
ttx-Cr3F-6-614-D2h,4-c,Cr3F,ori,ttx,6,N6,614,Cr3F/4-c-ori/ttx-Cr3F-6-614-D2h.cif,structures/Cr3F/4-c-ori/ttx-Cr3F-6-614-D2h.cif
txs-Cr3F-10-607-D2h-D2d,4-c,Cr3F,ori,txs,10,N10,607,Cr3F/4-c-ori/txs-Cr3F-10-607-D2h-D2d.cif,structures/Cr3F/4-c-ori/txs-Cr3F-10-607-D2h-D2d.cif
txs-Cr3F-11-662-D4h-T,4-c,Cr3F,ori,txs,11,N11,662,Cr3F/4-c-ori/txs-Cr3F-11-662-D4h-T.cif,structures/Cr3F/4-c-ori/txs-Cr3F-11-662-D4h-T.cif
txs-Cr3F-12-693-Td,4-c,Cr3F,ori,txs,12,N12,693,Cr3F/4-c-ori/txs-Cr3F-12-693-Td.cif,structures/Cr3F/4-c-ori/txs-Cr3F-12-693-Td.cif
txs-Cr3F-13-600-Td,4-c,Cr3F,ori,txs,13,N13,600,Cr3F/4-c-ori/txs-Cr3F-13-600-Td.cif,structures/Cr3F/4-c-ori/txs-Cr3F-13-600-Td.cif
txs-Cr3F-7-7-D2h-D2d,4-c,Cr3F,ori,txs,7,N7,7,Cr3F/4-c-ori/txs-Cr3F-7-7-D2h-D2d.cif,structures/Cr3F/4-c-ori/txs-Cr3F-7-7-D2h-D2d.cif
ceq-Cr3F-TATB,3-c,Cr3F,3-c,ceq,8,N8,TATB,Cr3F/TATB/ceq-Cr3F-TATB.cif,structures/Cr3F/TATB/ceq-Cr3F-TATB.cif
cml-Cr3F-TATB,3-c,Cr3F,3-c,cml,8,N8,TATB,Cr3F/TATB/cml-Cr3F-TATB.cif,structures/Cr3F/TATB/cml-Cr3F-TATB.cif
dag-Cr3F-TATB,3-c,Cr3F,3-c,dag,8,N8,TATB,Cr3F/TATB/dag-Cr3F-TATB.cif,structures/Cr3F/TATB/dag-Cr3F-TATB.cif
fmz-Cr3F-TATB,3-c,Cr3F,3-c,fmz,8,N8,TATB,Cr3F/TATB/fmz-Cr3F-TATB.cif,structures/Cr3F/TATB/fmz-Cr3F-TATB.cif
hwx-Cr3F-TATB,3-c,Cr3F,3-c,hwx,8,N8,TATB,Cr3F/TATB/hwx-Cr3F-TATB.cif,structures/Cr3F/TATB/hwx-Cr3F-TATB.cif
sab-Cr3F-TATB,3-c,Cr3F,3-c,sab,8,N8,TATB,Cr3F/TATB/sab-Cr3F-TATB.cif,structures/Cr3F/TATB/sab-Cr3F-TATB.cif
sit-Cr3F-TATB,3-c,Cr3F,3-c,sit,8,N8,TATB,Cr3F/TATB/sit-Cr3F-TATB.cif,structures/Cr3F/TATB/sit-Cr3F-TATB.cif
ydq-Cr3F-TATB,3-c,Cr3F,3-c,ydq,8,N8,TATB,Cr3F/TATB/ydq-Cr3F-TATB.cif,structures/Cr3F/TATB/ydq-Cr3F-TATB.cif
ceq-TiCo-1-10,3-c,TiCo,3-c,ceq,1,N1,10,TiCo/3-c/ceq-TiCo-1-10.cif,structures/TiCo/3-c/ceq-TiCo-1-10.cif
ceq-TiCo-10-333,3-c,TiCo,3-c,ceq,10,N10,333,TiCo/3-c/ceq-TiCo-10-333.cif,structures/TiCo/3-c/ceq-TiCo-10-333.cif
ceq-TiCo-11-516,3-c,TiCo,3-c,ceq,11,N11,516,TiCo/3-c/ceq-TiCo-11-516.cif,structures/TiCo/3-c/ceq-TiCo-11-516.cif
ceq-TiCo-12-639,3-c,TiCo,3-c,ceq,12,N12,639,TiCo/3-c/ceq-TiCo-12-639.cif,structures/TiCo/3-c/ceq-TiCo-12-639.cif
ceq-TiCo-13-126,3-c,TiCo,3-c,ceq,13,N13,126,TiCo/3-c/ceq-TiCo-13-126.cif,structures/TiCo/3-c/ceq-TiCo-13-126.cif
ceq-TiCo-2-19,3-c,TiCo,3-c,ceq,2,N2,19,TiCo/3-c/ceq-TiCo-2-19.cif,structures/TiCo/3-c/ceq-TiCo-2-19.cif
ceq-TiCo-3-20,3-c,TiCo,3-c,ceq,3,N3,20,TiCo/3-c/ceq-TiCo-3-20.cif,structures/TiCo/3-c/ceq-TiCo-3-20.cif
ceq-TiCo-4-410,3-c,TiCo,3-c,ceq,4,N4,410,TiCo/3-c/ceq-TiCo-4-410.cif,structures/TiCo/3-c/ceq-TiCo-4-410.cif
ceq-TiCo-5-386,3-c,TiCo,3-c,ceq,5,N5,386,TiCo/3-c/ceq-TiCo-5-386.cif,structures/TiCo/3-c/ceq-TiCo-5-386.cif
ceq-TiCo-6-225,3-c,TiCo,3-c,ceq,6,N6,225,TiCo/3-c/ceq-TiCo-6-225.cif,structures/TiCo/3-c/ceq-TiCo-6-225.cif
ceq-TiCo-7-592,3-c,TiCo,3-c,ceq,7,N7,592,TiCo/3-c/ceq-TiCo-7-592.cif,structures/TiCo/3-c/ceq-TiCo-7-592.cif
ceq-TiCo-9-130,3-c,TiCo,3-c,ceq,9,N9,130,TiCo/3-c/ceq-TiCo-9-130.cif,structures/TiCo/3-c/ceq-TiCo-9-130.cif
cml-TiCo-1-10,3-c,TiCo,3-c,cml,1,N1,10,TiCo/3-c/cml-TiCo-1-10.cif,structures/TiCo/3-c/cml-TiCo-1-10.cif
cml-TiCo-10-333,3-c,TiCo,3-c,cml,10,N10,333,TiCo/3-c/cml-TiCo-10-333.cif,structures/TiCo/3-c/cml-TiCo-10-333.cif
cml-TiCo-11-516,3-c,TiCo,3-c,cml,11,N11,516,TiCo/3-c/cml-TiCo-11-516.cif,structures/TiCo/3-c/cml-TiCo-11-516.cif
cml-TiCo-12-639,3-c,TiCo,3-c,cml,12,N12,639,TiCo/3-c/cml-TiCo-12-639.cif,structures/TiCo/3-c/cml-TiCo-12-639.cif
cml-TiCo-13-126,3-c,TiCo,3-c,cml,13,N13,126,TiCo/3-c/cml-TiCo-13-126.cif,structures/TiCo/3-c/cml-TiCo-13-126.cif
cml-TiCo-2-19,3-c,TiCo,3-c,cml,2,N2,19,TiCo/3-c/cml-TiCo-2-19.cif,structures/TiCo/3-c/cml-TiCo-2-19.cif
cml-TiCo-3-20,3-c,TiCo,3-c,cml,3,N3,20,TiCo/3-c/cml-TiCo-3-20.cif,structures/TiCo/3-c/cml-TiCo-3-20.cif
cml-TiCo-4-410,3-c,TiCo,3-c,cml,4,N4,410,TiCo/3-c/cml-TiCo-4-410.cif,structures/TiCo/3-c/cml-TiCo-4-410.cif
cml-TiCo-5-386,3-c,TiCo,3-c,cml,5,N5,386,TiCo/3-c/cml-TiCo-5-386.cif,structures/TiCo/3-c/cml-TiCo-5-386.cif
cml-TiCo-6-225,3-c,TiCo,3-c,cml,6,N6,225,TiCo/3-c/cml-TiCo-6-225.cif,structures/TiCo/3-c/cml-TiCo-6-225.cif
cml-TiCo-7-592,3-c,TiCo,3-c,cml,7,N7,592,TiCo/3-c/cml-TiCo-7-592.cif,structures/TiCo/3-c/cml-TiCo-7-592.cif
cml-TiCo-9-130,3-c,TiCo,3-c,cml,9,N9,130,TiCo/3-c/cml-TiCo-9-130.cif,structures/TiCo/3-c/cml-TiCo-9-130.cif
dag-TiCo-1-10,3-c,TiCo,3-c,dag,1,N1,10,TiCo/3-c/dag-TiCo-1-10.cif,structures/TiCo/3-c/dag-TiCo-1-10.cif
dag-TiCo-10-333,3-c,TiCo,3-c,dag,10,N10,333,TiCo/3-c/dag-TiCo-10-333.cif,structures/TiCo/3-c/dag-TiCo-10-333.cif
dag-TiCo-11-516,3-c,TiCo,3-c,dag,11,N11,516,TiCo/3-c/dag-TiCo-11-516.cif,structures/TiCo/3-c/dag-TiCo-11-516.cif
dag-TiCo-12-639,3-c,TiCo,3-c,dag,12,N12,639,TiCo/3-c/dag-TiCo-12-639.cif,structures/TiCo/3-c/dag-TiCo-12-639.cif
dag-TiCo-13-126,3-c,TiCo,3-c,dag,13,N13,126,TiCo/3-c/dag-TiCo-13-126.cif,structures/TiCo/3-c/dag-TiCo-13-126.cif
dag-TiCo-2-19,3-c,TiCo,3-c,dag,2,N2,19,TiCo/3-c/dag-TiCo-2-19.cif,structures/TiCo/3-c/dag-TiCo-2-19.cif
dag-TiCo-3-20,3-c,TiCo,3-c,dag,3,N3,20,TiCo/3-c/dag-TiCo-3-20.cif,structures/TiCo/3-c/dag-TiCo-3-20.cif
dag-TiCo-4-410,3-c,TiCo,3-c,dag,4,N4,410,TiCo/3-c/dag-TiCo-4-410.cif,structures/TiCo/3-c/dag-TiCo-4-410.cif
dag-TiCo-5-386,3-c,TiCo,3-c,dag,5,N5,386,TiCo/3-c/dag-TiCo-5-386.cif,structures/TiCo/3-c/dag-TiCo-5-386.cif
dag-TiCo-6-225,3-c,TiCo,3-c,dag,6,N6,225,TiCo/3-c/dag-TiCo-6-225.cif,structures/TiCo/3-c/dag-TiCo-6-225.cif
dag-TiCo-7-592,3-c,TiCo,3-c,dag,7,N7,592,TiCo/3-c/dag-TiCo-7-592.cif,structures/TiCo/3-c/dag-TiCo-7-592.cif
dag-TiCo-9-130,3-c,TiCo,3-c,dag,9,N9,130,TiCo/3-c/dag-TiCo-9-130.cif,structures/TiCo/3-c/dag-TiCo-9-130.cif
fmz-TiCo-1-10,3-c,TiCo,3-c,fmz,1,N1,10,TiCo/3-c/fmz-TiCo-1-10.cif,structures/TiCo/3-c/fmz-TiCo-1-10.cif
fmz-TiCo-10-333,3-c,TiCo,3-c,fmz,10,N10,333,TiCo/3-c/fmz-TiCo-10-333.cif,structures/TiCo/3-c/fmz-TiCo-10-333.cif
fmz-TiCo-11-516,3-c,TiCo,3-c,fmz,11,N11,516,TiCo/3-c/fmz-TiCo-11-516.cif,structures/TiCo/3-c/fmz-TiCo-11-516.cif
fmz-TiCo-12-639,3-c,TiCo,3-c,fmz,12,N12,639,TiCo/3-c/fmz-TiCo-12-639.cif,structures/TiCo/3-c/fmz-TiCo-12-639.cif
fmz-TiCo-13-126,3-c,TiCo,3-c,fmz,13,N13,126,TiCo/3-c/fmz-TiCo-13-126.cif,structures/TiCo/3-c/fmz-TiCo-13-126.cif
fmz-TiCo-2-19,3-c,TiCo,3-c,fmz,2,N2,19,TiCo/3-c/fmz-TiCo-2-19.cif,structures/TiCo/3-c/fmz-TiCo-2-19.cif
fmz-TiCo-3-20,3-c,TiCo,3-c,fmz,3,N3,20,TiCo/3-c/fmz-TiCo-3-20.cif,structures/TiCo/3-c/fmz-TiCo-3-20.cif
fmz-TiCo-4-410,3-c,TiCo,3-c,fmz,4,N4,410,TiCo/3-c/fmz-TiCo-4-410.cif,structures/TiCo/3-c/fmz-TiCo-4-410.cif
fmz-TiCo-5-386,3-c,TiCo,3-c,fmz,5,N5,386,TiCo/3-c/fmz-TiCo-5-386.cif,structures/TiCo/3-c/fmz-TiCo-5-386.cif
fmz-TiCo-6-225,3-c,TiCo,3-c,fmz,6,N6,225,TiCo/3-c/fmz-TiCo-6-225.cif,structures/TiCo/3-c/fmz-TiCo-6-225.cif
fmz-TiCo-7-592,3-c,TiCo,3-c,fmz,7,N7,592,TiCo/3-c/fmz-TiCo-7-592.cif,structures/TiCo/3-c/fmz-TiCo-7-592.cif
fmz-TiCo-9-130,3-c,TiCo,3-c,fmz,9,N9,130,TiCo/3-c/fmz-TiCo-9-130.cif,structures/TiCo/3-c/fmz-TiCo-9-130.cif
hwx-TiCo-1-10,3-c,TiCo,3-c,hwx,1,N1,10,TiCo/3-c/hwx-TiCo-1-10.cif,structures/TiCo/3-c/hwx-TiCo-1-10.cif
hwx-TiCo-10-333,3-c,TiCo,3-c,hwx,10,N10,333,TiCo/3-c/hwx-TiCo-10-333.cif,structures/TiCo/3-c/hwx-TiCo-10-333.cif
hwx-TiCo-11-516,3-c,TiCo,3-c,hwx,11,N11,516,TiCo/3-c/hwx-TiCo-11-516.cif,structures/TiCo/3-c/hwx-TiCo-11-516.cif
hwx-TiCo-12-639,3-c,TiCo,3-c,hwx,12,N12,639,TiCo/3-c/hwx-TiCo-12-639.cif,structures/TiCo/3-c/hwx-TiCo-12-639.cif
hwx-TiCo-13-126,3-c,TiCo,3-c,hwx,13,N13,126,TiCo/3-c/hwx-TiCo-13-126.cif,structures/TiCo/3-c/hwx-TiCo-13-126.cif
hwx-TiCo-2-19,3-c,TiCo,3-c,hwx,2,N2,19,TiCo/3-c/hwx-TiCo-2-19.cif,structures/TiCo/3-c/hwx-TiCo-2-19.cif
hwx-TiCo-3-20,3-c,TiCo,3-c,hwx,3,N3,20,TiCo/3-c/hwx-TiCo-3-20.cif,structures/TiCo/3-c/hwx-TiCo-3-20.cif
hwx-TiCo-4-410,3-c,TiCo,3-c,hwx,4,N4,410,TiCo/3-c/hwx-TiCo-4-410.cif,structures/TiCo/3-c/hwx-TiCo-4-410.cif
hwx-TiCo-5-386,3-c,TiCo,3-c,hwx,5,N5,386,TiCo/3-c/hwx-TiCo-5-386.cif,structures/TiCo/3-c/hwx-TiCo-5-386.cif
hwx-TiCo-6-225,3-c,TiCo,3-c,hwx,6,N6,225,TiCo/3-c/hwx-TiCo-6-225.cif,structures/TiCo/3-c/hwx-TiCo-6-225.cif
hwx-TiCo-7-592,3-c,TiCo,3-c,hwx,7,N7,592,TiCo/3-c/hwx-TiCo-7-592.cif,structures/TiCo/3-c/hwx-TiCo-7-592.cif
hwx-TiCo-9-130,3-c,TiCo,3-c,hwx,9,N9,130,TiCo/3-c/hwx-TiCo-9-130.cif,structures/TiCo/3-c/hwx-TiCo-9-130.cif
sab-TiCo-1-10,3-c,TiCo,3-c,sab,1,N1,10,TiCo/3-c/sab-TiCo-1-10.cif,structures/TiCo/3-c/sab-TiCo-1-10.cif
sab-TiCo-10-333,3-c,TiCo,3-c,sab,10,N10,333,TiCo/3-c/sab-TiCo-10-333.cif,structures/TiCo/3-c/sab-TiCo-10-333.cif
sab-TiCo-11-516,3-c,TiCo,3-c,sab,11,N11,516,TiCo/3-c/sab-TiCo-11-516.cif,structures/TiCo/3-c/sab-TiCo-11-516.cif
sab-TiCo-12-639,3-c,TiCo,3-c,sab,12,N12,639,TiCo/3-c/sab-TiCo-12-639.cif,structures/TiCo/3-c/sab-TiCo-12-639.cif
sab-TiCo-13-126,3-c,TiCo,3-c,sab,13,N13,126,TiCo/3-c/sab-TiCo-13-126.cif,structures/TiCo/3-c/sab-TiCo-13-126.cif
sab-TiCo-2-19,3-c,TiCo,3-c,sab,2,N2,19,TiCo/3-c/sab-TiCo-2-19.cif,structures/TiCo/3-c/sab-TiCo-2-19.cif
sab-TiCo-3-20,3-c,TiCo,3-c,sab,3,N3,20,TiCo/3-c/sab-TiCo-3-20.cif,structures/TiCo/3-c/sab-TiCo-3-20.cif
sab-TiCo-4-410,3-c,TiCo,3-c,sab,4,N4,410,TiCo/3-c/sab-TiCo-4-410.cif,structures/TiCo/3-c/sab-TiCo-4-410.cif
sab-TiCo-5-386,3-c,TiCo,3-c,sab,5,N5,386,TiCo/3-c/sab-TiCo-5-386.cif,structures/TiCo/3-c/sab-TiCo-5-386.cif
sab-TiCo-6-225,3-c,TiCo,3-c,sab,6,N6,225,TiCo/3-c/sab-TiCo-6-225.cif,structures/TiCo/3-c/sab-TiCo-6-225.cif
sab-TiCo-7-592,3-c,TiCo,3-c,sab,7,N7,592,TiCo/3-c/sab-TiCo-7-592.cif,structures/TiCo/3-c/sab-TiCo-7-592.cif
sab-TiCo-9-130,3-c,TiCo,3-c,sab,9,N9,130,TiCo/3-c/sab-TiCo-9-130.cif,structures/TiCo/3-c/sab-TiCo-9-130.cif
sit-TiCo-1-10,3-c,TiCo,3-c,sit,1,N1,10,TiCo/3-c/sit-TiCo-1-10.cif,structures/TiCo/3-c/sit-TiCo-1-10.cif
sit-TiCo-10-333,3-c,TiCo,3-c,sit,10,N10,333,TiCo/3-c/sit-TiCo-10-333.cif,structures/TiCo/3-c/sit-TiCo-10-333.cif
sit-TiCo-11-516,3-c,TiCo,3-c,sit,11,N11,516,TiCo/3-c/sit-TiCo-11-516.cif,structures/TiCo/3-c/sit-TiCo-11-516.cif
sit-TiCo-12-639,3-c,TiCo,3-c,sit,12,N12,639,TiCo/3-c/sit-TiCo-12-639.cif,structures/TiCo/3-c/sit-TiCo-12-639.cif
sit-TiCo-13-126,3-c,TiCo,3-c,sit,13,N13,126,TiCo/3-c/sit-TiCo-13-126.cif,structures/TiCo/3-c/sit-TiCo-13-126.cif
sit-TiCo-2-19,3-c,TiCo,3-c,sit,2,N2,19,TiCo/3-c/sit-TiCo-2-19.cif,structures/TiCo/3-c/sit-TiCo-2-19.cif
sit-TiCo-3-20,3-c,TiCo,3-c,sit,3,N3,20,TiCo/3-c/sit-TiCo-3-20.cif,structures/TiCo/3-c/sit-TiCo-3-20.cif
sit-TiCo-4-410,3-c,TiCo,3-c,sit,4,N4,410,TiCo/3-c/sit-TiCo-4-410.cif,structures/TiCo/3-c/sit-TiCo-4-410.cif
sit-TiCo-5-386,3-c,TiCo,3-c,sit,5,N5,386,TiCo/3-c/sit-TiCo-5-386.cif,structures/TiCo/3-c/sit-TiCo-5-386.cif
sit-TiCo-6-225,3-c,TiCo,3-c,sit,6,N6,225,TiCo/3-c/sit-TiCo-6-225.cif,structures/TiCo/3-c/sit-TiCo-6-225.cif
sit-TiCo-7-592,3-c,TiCo,3-c,sit,7,N7,592,TiCo/3-c/sit-TiCo-7-592.cif,structures/TiCo/3-c/sit-TiCo-7-592.cif
sit-TiCo-9-130,3-c,TiCo,3-c,sit,9,N9,130,TiCo/3-c/sit-TiCo-9-130.cif,structures/TiCo/3-c/sit-TiCo-9-130.cif
ydq-TiCo-1-10,3-c,TiCo,3-c,ydq,1,N1,10,TiCo/3-c/ydq-TiCo-1-10.cif,structures/TiCo/3-c/ydq-TiCo-1-10.cif
ydq-TiCo-10-333,3-c,TiCo,3-c,ydq,10,N10,333,TiCo/3-c/ydq-TiCo-10-333.cif,structures/TiCo/3-c/ydq-TiCo-10-333.cif
ydq-TiCo-11-516,3-c,TiCo,3-c,ydq,11,N11,516,TiCo/3-c/ydq-TiCo-11-516.cif,structures/TiCo/3-c/ydq-TiCo-11-516.cif
ydq-TiCo-12-639,3-c,TiCo,3-c,ydq,12,N12,639,TiCo/3-c/ydq-TiCo-12-639.cif,structures/TiCo/3-c/ydq-TiCo-12-639.cif
ydq-TiCo-13-126,3-c,TiCo,3-c,ydq,13,N13,126,TiCo/3-c/ydq-TiCo-13-126.cif,structures/TiCo/3-c/ydq-TiCo-13-126.cif
ydq-TiCo-2-19,3-c,TiCo,3-c,ydq,2,N2,19,TiCo/3-c/ydq-TiCo-2-19.cif,structures/TiCo/3-c/ydq-TiCo-2-19.cif
ydq-TiCo-3-20,3-c,TiCo,3-c,ydq,3,N3,20,TiCo/3-c/ydq-TiCo-3-20.cif,structures/TiCo/3-c/ydq-TiCo-3-20.cif
ydq-TiCo-4-410,3-c,TiCo,3-c,ydq,4,N4,410,TiCo/3-c/ydq-TiCo-4-410.cif,structures/TiCo/3-c/ydq-TiCo-4-410.cif
ydq-TiCo-5-386,3-c,TiCo,3-c,ydq,5,N5,386,TiCo/3-c/ydq-TiCo-5-386.cif,structures/TiCo/3-c/ydq-TiCo-5-386.cif
ydq-TiCo-6-225,3-c,TiCo,3-c,ydq,6,N6,225,TiCo/3-c/ydq-TiCo-6-225.cif,structures/TiCo/3-c/ydq-TiCo-6-225.cif
ydq-TiCo-7-592,3-c,TiCo,3-c,ydq,7,N7,592,TiCo/3-c/ydq-TiCo-7-592.cif,structures/TiCo/3-c/ydq-TiCo-7-592.cif
ydq-TiCo-9-130,3-c,TiCo,3-c,ydq,9,N9,130,TiCo/3-c/ydq-TiCo-9-130.cif,structures/TiCo/3-c/ydq-TiCo-9-130.cif
fsi-TiCo-8-644-D2h-D2d,4-c,TiCo,new,fsi,8,N8,644,TiCo/4-c-new/fsi-TiCo-8-644-D2h-D2d.cif,structures/TiCo/4-c-new/fsi-TiCo-8-644-D2h-D2d.cif
fsi-TiCo-9-201-D2h-D2d,4-c,TiCo,new,fsi,9,N9,201,TiCo/4-c-new/fsi-TiCo-9-201-D2h-D2d.cif,structures/TiCo/4-c-new/fsi-TiCo-9-201-D2h-D2d.cif
hea-TiCo-8-644-D2h-D2d,4-c,TiCo,new,hea,8,N8,644,TiCo/4-c-new/hea-TiCo-8-644-D2h-D2d.cif,structures/TiCo/4-c-new/hea-TiCo-8-644-D2h-D2d.cif
hea-TiCo-9-201-D2h-D2d,4-c,TiCo,new,hea,9,N9,201,TiCo/4-c-new/hea-TiCo-9-201-D2h-D2d.cif,structures/TiCo/4-c-new/hea-TiCo-9-201-D2h-D2d.cif
stp-TiCo-11-662-D4h-T,4-c,TiCo,new,stp,11,N11,662,TiCo/4-c-new/stp-TiCo-11-662-D4h-T.cif,structures/TiCo/4-c-new/stp-TiCo-11-662-D4h-T.cif
ttp-TiCo-10-607-D2h-D2d,4-c,TiCo,new,ttp,10,N10,607,TiCo/4-c-new/ttp-TiCo-10-607-D2h-D2d.cif,structures/TiCo/4-c-new/ttp-TiCo-10-607-D2h-D2d.cif
ttp-TiCo-4-12-D2h,4-c,TiCo,new,ttp,4,N4,12,TiCo/4-c-new/ttp-TiCo-4-12-D2h.cif,structures/TiCo/4-c-new/ttp-TiCo-4-12-D2h.cif
ttp-TiCo-5-665-D2h,4-c,TiCo,new,ttp,5,N5,665,TiCo/4-c-new/ttp-TiCo-5-665-D2h.cif,structures/TiCo/4-c-new/ttp-TiCo-5-665-D2h.cif
ttp-TiCo-6-614-D2h,4-c,TiCo,new,ttp,6,N6,614,TiCo/4-c-new/ttp-TiCo-6-614-D2h.cif,structures/TiCo/4-c-new/ttp-TiCo-6-614-D2h.cif
ttp-TiCo-7-7-D2h-D2d,4-c,TiCo,new,ttp,7,N7,7,TiCo/4-c-new/ttp-TiCo-7-7-D2h-D2d.cif,structures/TiCo/4-c-new/ttp-TiCo-7-7-D2h-D2d.cif
ttx-TiCo-10-607-D2h-D2d,4-c,TiCo,new,ttx,10,N10,607,TiCo/4-c-new/ttx-TiCo-10-607-D2h-D2d.cif,structures/TiCo/4-c-new/ttx-TiCo-10-607-D2h-D2d.cif
ttx-TiCo-3-1-D2h,4-c,TiCo,new,ttx,3,N3,1,TiCo/4-c-new/ttx-TiCo-3-1-D2h.cif,structures/TiCo/4-c-new/ttx-TiCo-3-1-D2h.cif
ttx-TiCo-7-7-D2h-D2d,4-c,TiCo,new,ttx,7,N7,7,TiCo/4-c-new/ttx-TiCo-7-7-D2h-D2d.cif,structures/TiCo/4-c-new/ttx-TiCo-7-7-D2h-D2d.cif
ttx-TiCo-8-644-D2h-D2d,4-c,TiCo,new,ttx,8,N8,644,TiCo/4-c-new/ttx-TiCo-8-644-D2h-D2d.cif,structures/TiCo/4-c-new/ttx-TiCo-8-644-D2h-D2d.cif
ttx-TiCo-9-201-D2h-D2d,4-c,TiCo,new,ttx,9,N9,201,TiCo/4-c-new/ttx-TiCo-9-201-D2h-D2d.cif,structures/TiCo/4-c-new/ttx-TiCo-9-201-D2h-D2d.cif
txs-TiCo-8-644-D2h-D2d,4-c,TiCo,new,txs,8,N8,644,TiCo/4-c-new/txs-TiCo-8-644-D2h-D2d.cif,structures/TiCo/4-c-new/txs-TiCo-8-644-D2h-D2d.cif
txs-TiCo-9-201-D2h-D2d,4-c,TiCo,new,txs,9,N9,201,TiCo/4-c-new/txs-TiCo-9-201-D2h-D2d.cif,structures/TiCo/4-c-new/txs-TiCo-9-201-D2h-D2d.cif
fsi-TiCo-10-607-D2h-D2d,4-c,TiCo,ori,fsi,10,N10,607,TiCo/4-c-ori/fsi-TiCo-10-607-D2h-D2d.cif,structures/TiCo/4-c-ori/fsi-TiCo-10-607-D2h-D2d.cif
fsi-TiCo-11-662-D4h-T,4-c,TiCo,ori,fsi,11,N11,662,TiCo/4-c-ori/fsi-TiCo-11-662-D4h-T.cif,structures/TiCo/4-c-ori/fsi-TiCo-11-662-D4h-T.cif
fsi-TiCo-12-693-Td,4-c,TiCo,ori,fsi,12,N12,693,TiCo/4-c-ori/fsi-TiCo-12-693-Td.cif,structures/TiCo/4-c-ori/fsi-TiCo-12-693-Td.cif
fsi-TiCo-13-600-Td,4-c,TiCo,ori,fsi,13,N13,600,TiCo/4-c-ori/fsi-TiCo-13-600-Td.cif,structures/TiCo/4-c-ori/fsi-TiCo-13-600-Td.cif
fsi-TiCo-7-7-D2h-D2d,4-c,TiCo,ori,fsi,7,N7,7,TiCo/4-c-ori/fsi-TiCo-7-7-D2h-D2d.cif,structures/TiCo/4-c-ori/fsi-TiCo-7-7-D2h-D2d.cif
hea-TiCo-10-607-D2h-D2d,4-c,TiCo,ori,hea,10,N10,607,TiCo/4-c-ori/hea-TiCo-10-607-D2h-D2d.cif,structures/TiCo/4-c-ori/hea-TiCo-10-607-D2h-D2d.cif
hea-TiCo-11-662-D4h-T,4-c,TiCo,ori,hea,11,N11,662,TiCo/4-c-ori/hea-TiCo-11-662-D4h-T.cif,structures/TiCo/4-c-ori/hea-TiCo-11-662-D4h-T.cif
hea-TiCo-12-693-Td,4-c,TiCo,ori,hea,12,N12,693,TiCo/4-c-ori/hea-TiCo-12-693-Td.cif,structures/TiCo/4-c-ori/hea-TiCo-12-693-Td.cif
hea-TiCo-13-600-Td,4-c,TiCo,ori,hea,13,N13,600,TiCo/4-c-ori/hea-TiCo-13-600-Td.cif,structures/TiCo/4-c-ori/hea-TiCo-13-600-Td.cif
hea-TiCo-7-7-D2h-D2d,4-c,TiCo,ori,hea,7,N7,7,TiCo/4-c-ori/hea-TiCo-7-7-D2h-D2d.cif,structures/TiCo/4-c-ori/hea-TiCo-7-7-D2h-D2d.cif
stp-TiCo-1-445-D4h,4-c,TiCo,ori,stp,1,N1,445,TiCo/4-c-ori/stp-TiCo-1-445-D4h.cif,structures/TiCo/4-c-ori/stp-TiCo-1-445-D4h.cif
stp-TiCo-2-13-D4h,4-c,TiCo,ori,stp,2,N2,13,TiCo/4-c-ori/stp-TiCo-2-13-D4h.cif,structures/TiCo/4-c-ori/stp-TiCo-2-13-D4h.cif
ttp-TiCo-3-1-D2h,4-c,TiCo,ori,ttp,3,N3,1,TiCo/4-c-ori/ttp-TiCo-3-1-D2h.cif,structures/TiCo/4-c-ori/ttp-TiCo-3-1-D2h.cif
ttp-TiCo-8-644-D2h-D2d,4-c,TiCo,ori,ttp,8,N8,644,TiCo/4-c-ori/ttp-TiCo-8-644-D2h-D2d.cif,structures/TiCo/4-c-ori/ttp-TiCo-8-644-D2h-D2d.cif
ttp-TiCo-9-201-D2h-D2d,4-c,TiCo,ori,ttp,9,N9,201,TiCo/4-c-ori/ttp-TiCo-9-201-D2h-D2d.cif,structures/TiCo/4-c-ori/ttp-TiCo-9-201-D2h-D2d.cif
ttx-TiCo-4-12-D2h,4-c,TiCo,ori,ttx,4,N4,12,TiCo/4-c-ori/ttx-TiCo-4-12-D2h.cif,structures/TiCo/4-c-ori/ttx-TiCo-4-12-D2h.cif
ttx-TiCo-5-665-D2h,4-c,TiCo,ori,ttx,5,N5,665,TiCo/4-c-ori/ttx-TiCo-5-665-D2h.cif,structures/TiCo/4-c-ori/ttx-TiCo-5-665-D2h.cif
ttx-TiCo-6-614-D2h,4-c,TiCo,ori,ttx,6,N6,614,TiCo/4-c-ori/ttx-TiCo-6-614-D2h.cif,structures/TiCo/4-c-ori/ttx-TiCo-6-614-D2h.cif
txs-TiCo-10-607-D2h-D2d,4-c,TiCo,ori,txs,10,N10,607,TiCo/4-c-ori/txs-TiCo-10-607-D2h-D2d.cif,structures/TiCo/4-c-ori/txs-TiCo-10-607-D2h-D2d.cif
txs-TiCo-11-662-D4h-T,4-c,TiCo,ori,txs,11,N11,662,TiCo/4-c-ori/txs-TiCo-11-662-D4h-T.cif,structures/TiCo/4-c-ori/txs-TiCo-11-662-D4h-T.cif
txs-TiCo-12-693-Td,4-c,TiCo,ori,txs,12,N12,693,TiCo/4-c-ori/txs-TiCo-12-693-Td.cif,structures/TiCo/4-c-ori/txs-TiCo-12-693-Td.cif
txs-TiCo-13-600-Td,4-c,TiCo,ori,txs,13,N13,600,TiCo/4-c-ori/txs-TiCo-13-600-Td.cif,structures/TiCo/4-c-ori/txs-TiCo-13-600-Td.cif
txs-TiCo-7-7-D2h-D2d,4-c,TiCo,ori,txs,7,N7,7,TiCo/4-c-ori/txs-TiCo-7-7-D2h-D2d.cif,structures/TiCo/4-c-ori/txs-TiCo-7-7-D2h-D2d.cif
ceq-TiCo-TATB,3-c,TiCo,3-c,ceq,8,N8,TATB,TiCo/TATB/ceq-TiCo-TATB.cif,structures/TiCo/TATB/ceq-TiCo-TATB.cif
cml-TiCo-TATB,3-c,TiCo,3-c,cml,8,N8,TATB,TiCo/TATB/cml-TiCo-TATB.cif,structures/TiCo/TATB/cml-TiCo-TATB.cif
dag-TiCo-TATB,3-c,TiCo,3-c,dag,8,N8,TATB,TiCo/TATB/dag-TiCo-TATB.cif,structures/TiCo/TATB/dag-TiCo-TATB.cif
fmz-TiCo-TATB,3-c,TiCo,3-c,fmz,8,N8,TATB,TiCo/TATB/fmz-TiCo-TATB.cif,structures/TiCo/TATB/fmz-TiCo-TATB.cif
hwx-TiCo-TATB,3-c,TiCo,3-c,hwx,8,N8,TATB,TiCo/TATB/hwx-TiCo-TATB.cif,structures/TiCo/TATB/hwx-TiCo-TATB.cif
sab-TiCo-TATB,3-c,TiCo,3-c,sab,8,N8,TATB,TiCo/TATB/sab-TiCo-TATB.cif,structures/TiCo/TATB/sab-TiCo-TATB.cif
sit-TiCo-TATB,3-c,TiCo,3-c,sit,8,N8,TATB,TiCo/TATB/sit-TiCo-TATB.cif,structures/TiCo/TATB/sit-TiCo-TATB.cif
ydq-TiCo-TATB,3-c,TiCo,3-c,ydq,8,N8,TATB,TiCo/TATB/ydq-TiCo-TATB.cif,structures/TiCo/TATB/ydq-TiCo-TATB.cif
ceq-TiMg-1-10,3-c,TiMg,3-c,ceq,1,N1,10,TiMg/3-c/ceq-TiMg-1-10.cif,structures/TiMg/3-c/ceq-TiMg-1-10.cif
ceq-TiMg-10-333,3-c,TiMg,3-c,ceq,10,N10,333,TiMg/3-c/ceq-TiMg-10-333.cif,structures/TiMg/3-c/ceq-TiMg-10-333.cif
ceq-TiMg-11-516,3-c,TiMg,3-c,ceq,11,N11,516,TiMg/3-c/ceq-TiMg-11-516.cif,structures/TiMg/3-c/ceq-TiMg-11-516.cif
ceq-TiMg-12-639,3-c,TiMg,3-c,ceq,12,N12,639,TiMg/3-c/ceq-TiMg-12-639.cif,structures/TiMg/3-c/ceq-TiMg-12-639.cif
ceq-TiMg-13-126,3-c,TiMg,3-c,ceq,13,N13,126,TiMg/3-c/ceq-TiMg-13-126.cif,structures/TiMg/3-c/ceq-TiMg-13-126.cif
ceq-TiMg-2-19,3-c,TiMg,3-c,ceq,2,N2,19,TiMg/3-c/ceq-TiMg-2-19.cif,structures/TiMg/3-c/ceq-TiMg-2-19.cif
ceq-TiMg-3-20,3-c,TiMg,3-c,ceq,3,N3,20,TiMg/3-c/ceq-TiMg-3-20.cif,structures/TiMg/3-c/ceq-TiMg-3-20.cif
ceq-TiMg-4-410,3-c,TiMg,3-c,ceq,4,N4,410,TiMg/3-c/ceq-TiMg-4-410.cif,structures/TiMg/3-c/ceq-TiMg-4-410.cif
ceq-TiMg-5-386,3-c,TiMg,3-c,ceq,5,N5,386,TiMg/3-c/ceq-TiMg-5-386.cif,structures/TiMg/3-c/ceq-TiMg-5-386.cif
ceq-TiMg-6-225,3-c,TiMg,3-c,ceq,6,N6,225,TiMg/3-c/ceq-TiMg-6-225.cif,structures/TiMg/3-c/ceq-TiMg-6-225.cif
ceq-TiMg-7-592,3-c,TiMg,3-c,ceq,7,N7,592,TiMg/3-c/ceq-TiMg-7-592.cif,structures/TiMg/3-c/ceq-TiMg-7-592.cif
ceq-TiMg-9-130,3-c,TiMg,3-c,ceq,9,N9,130,TiMg/3-c/ceq-TiMg-9-130.cif,structures/TiMg/3-c/ceq-TiMg-9-130.cif
cml-TiMg-1-10,3-c,TiMg,3-c,cml,1,N1,10,TiMg/3-c/cml-TiMg-1-10.cif,structures/TiMg/3-c/cml-TiMg-1-10.cif
cml-TiMg-10-333,3-c,TiMg,3-c,cml,10,N10,333,TiMg/3-c/cml-TiMg-10-333.cif,structures/TiMg/3-c/cml-TiMg-10-333.cif
cml-TiMg-11-516,3-c,TiMg,3-c,cml,11,N11,516,TiMg/3-c/cml-TiMg-11-516.cif,structures/TiMg/3-c/cml-TiMg-11-516.cif
cml-TiMg-12-639,3-c,TiMg,3-c,cml,12,N12,639,TiMg/3-c/cml-TiMg-12-639.cif,structures/TiMg/3-c/cml-TiMg-12-639.cif
cml-TiMg-13-126,3-c,TiMg,3-c,cml,13,N13,126,TiMg/3-c/cml-TiMg-13-126.cif,structures/TiMg/3-c/cml-TiMg-13-126.cif
cml-TiMg-2-19,3-c,TiMg,3-c,cml,2,N2,19,TiMg/3-c/cml-TiMg-2-19.cif,structures/TiMg/3-c/cml-TiMg-2-19.cif
cml-TiMg-3-20,3-c,TiMg,3-c,cml,3,N3,20,TiMg/3-c/cml-TiMg-3-20.cif,structures/TiMg/3-c/cml-TiMg-3-20.cif
cml-TiMg-4-410,3-c,TiMg,3-c,cml,4,N4,410,TiMg/3-c/cml-TiMg-4-410.cif,structures/TiMg/3-c/cml-TiMg-4-410.cif
cml-TiMg-5-386,3-c,TiMg,3-c,cml,5,N5,386,TiMg/3-c/cml-TiMg-5-386.cif,structures/TiMg/3-c/cml-TiMg-5-386.cif
cml-TiMg-6-225,3-c,TiMg,3-c,cml,6,N6,225,TiMg/3-c/cml-TiMg-6-225.cif,structures/TiMg/3-c/cml-TiMg-6-225.cif
cml-TiMg-7-592,3-c,TiMg,3-c,cml,7,N7,592,TiMg/3-c/cml-TiMg-7-592.cif,structures/TiMg/3-c/cml-TiMg-7-592.cif
cml-TiMg-9-130,3-c,TiMg,3-c,cml,9,N9,130,TiMg/3-c/cml-TiMg-9-130.cif,structures/TiMg/3-c/cml-TiMg-9-130.cif
dag-TiMg-1-10,3-c,TiMg,3-c,dag,1,N1,10,TiMg/3-c/dag-TiMg-1-10.cif,structures/TiMg/3-c/dag-TiMg-1-10.cif
dag-TiMg-10-333,3-c,TiMg,3-c,dag,10,N10,333,TiMg/3-c/dag-TiMg-10-333.cif,structures/TiMg/3-c/dag-TiMg-10-333.cif
dag-TiMg-11-516,3-c,TiMg,3-c,dag,11,N11,516,TiMg/3-c/dag-TiMg-11-516.cif,structures/TiMg/3-c/dag-TiMg-11-516.cif
dag-TiMg-12-639,3-c,TiMg,3-c,dag,12,N12,639,TiMg/3-c/dag-TiMg-12-639.cif,structures/TiMg/3-c/dag-TiMg-12-639.cif
dag-TiMg-13-126,3-c,TiMg,3-c,dag,13,N13,126,TiMg/3-c/dag-TiMg-13-126.cif,structures/TiMg/3-c/dag-TiMg-13-126.cif
dag-TiMg-2-19,3-c,TiMg,3-c,dag,2,N2,19,TiMg/3-c/dag-TiMg-2-19.cif,structures/TiMg/3-c/dag-TiMg-2-19.cif
dag-TiMg-3-20,3-c,TiMg,3-c,dag,3,N3,20,TiMg/3-c/dag-TiMg-3-20.cif,structures/TiMg/3-c/dag-TiMg-3-20.cif
dag-TiMg-4-410,3-c,TiMg,3-c,dag,4,N4,410,TiMg/3-c/dag-TiMg-4-410.cif,structures/TiMg/3-c/dag-TiMg-4-410.cif
dag-TiMg-5-386,3-c,TiMg,3-c,dag,5,N5,386,TiMg/3-c/dag-TiMg-5-386.cif,structures/TiMg/3-c/dag-TiMg-5-386.cif
dag-TiMg-6-225,3-c,TiMg,3-c,dag,6,N6,225,TiMg/3-c/dag-TiMg-6-225.cif,structures/TiMg/3-c/dag-TiMg-6-225.cif
dag-TiMg-7-592,3-c,TiMg,3-c,dag,7,N7,592,TiMg/3-c/dag-TiMg-7-592.cif,structures/TiMg/3-c/dag-TiMg-7-592.cif
dag-TiMg-9-130,3-c,TiMg,3-c,dag,9,N9,130,TiMg/3-c/dag-TiMg-9-130.cif,structures/TiMg/3-c/dag-TiMg-9-130.cif
fmz-TiMg-1-10,3-c,TiMg,3-c,fmz,1,N1,10,TiMg/3-c/fmz-TiMg-1-10.cif,structures/TiMg/3-c/fmz-TiMg-1-10.cif
fmz-TiMg-10-333,3-c,TiMg,3-c,fmz,10,N10,333,TiMg/3-c/fmz-TiMg-10-333.cif,structures/TiMg/3-c/fmz-TiMg-10-333.cif
fmz-TiMg-11-516,3-c,TiMg,3-c,fmz,11,N11,516,TiMg/3-c/fmz-TiMg-11-516.cif,structures/TiMg/3-c/fmz-TiMg-11-516.cif
fmz-TiMg-12-639,3-c,TiMg,3-c,fmz,12,N12,639,TiMg/3-c/fmz-TiMg-12-639.cif,structures/TiMg/3-c/fmz-TiMg-12-639.cif
fmz-TiMg-13-126,3-c,TiMg,3-c,fmz,13,N13,126,TiMg/3-c/fmz-TiMg-13-126.cif,structures/TiMg/3-c/fmz-TiMg-13-126.cif
fmz-TiMg-2-19,3-c,TiMg,3-c,fmz,2,N2,19,TiMg/3-c/fmz-TiMg-2-19.cif,structures/TiMg/3-c/fmz-TiMg-2-19.cif
fmz-TiMg-3-20,3-c,TiMg,3-c,fmz,3,N3,20,TiMg/3-c/fmz-TiMg-3-20.cif,structures/TiMg/3-c/fmz-TiMg-3-20.cif
fmz-TiMg-4-410,3-c,TiMg,3-c,fmz,4,N4,410,TiMg/3-c/fmz-TiMg-4-410.cif,structures/TiMg/3-c/fmz-TiMg-4-410.cif
fmz-TiMg-5-386,3-c,TiMg,3-c,fmz,5,N5,386,TiMg/3-c/fmz-TiMg-5-386.cif,structures/TiMg/3-c/fmz-TiMg-5-386.cif
fmz-TiMg-6-225,3-c,TiMg,3-c,fmz,6,N6,225,TiMg/3-c/fmz-TiMg-6-225.cif,structures/TiMg/3-c/fmz-TiMg-6-225.cif
fmz-TiMg-7-592,3-c,TiMg,3-c,fmz,7,N7,592,TiMg/3-c/fmz-TiMg-7-592.cif,structures/TiMg/3-c/fmz-TiMg-7-592.cif
fmz-TiMg-9-130,3-c,TiMg,3-c,fmz,9,N9,130,TiMg/3-c/fmz-TiMg-9-130.cif,structures/TiMg/3-c/fmz-TiMg-9-130.cif
hwx-TiMg-1-10,3-c,TiMg,3-c,hwx,1,N1,10,TiMg/3-c/hwx-TiMg-1-10.cif,structures/TiMg/3-c/hwx-TiMg-1-10.cif
hwx-TiMg-10-333,3-c,TiMg,3-c,hwx,10,N10,333,TiMg/3-c/hwx-TiMg-10-333.cif,structures/TiMg/3-c/hwx-TiMg-10-333.cif
hwx-TiMg-11-516,3-c,TiMg,3-c,hwx,11,N11,516,TiMg/3-c/hwx-TiMg-11-516.cif,structures/TiMg/3-c/hwx-TiMg-11-516.cif
hwx-TiMg-12-639,3-c,TiMg,3-c,hwx,12,N12,639,TiMg/3-c/hwx-TiMg-12-639.cif,structures/TiMg/3-c/hwx-TiMg-12-639.cif
hwx-TiMg-13-126,3-c,TiMg,3-c,hwx,13,N13,126,TiMg/3-c/hwx-TiMg-13-126.cif,structures/TiMg/3-c/hwx-TiMg-13-126.cif
hwx-TiMg-2-19,3-c,TiMg,3-c,hwx,2,N2,19,TiMg/3-c/hwx-TiMg-2-19.cif,structures/TiMg/3-c/hwx-TiMg-2-19.cif
hwx-TiMg-3-20,3-c,TiMg,3-c,hwx,3,N3,20,TiMg/3-c/hwx-TiMg-3-20.cif,structures/TiMg/3-c/hwx-TiMg-3-20.cif
hwx-TiMg-4-410,3-c,TiMg,3-c,hwx,4,N4,410,TiMg/3-c/hwx-TiMg-4-410.cif,structures/TiMg/3-c/hwx-TiMg-4-410.cif
hwx-TiMg-5-386,3-c,TiMg,3-c,hwx,5,N5,386,TiMg/3-c/hwx-TiMg-5-386.cif,structures/TiMg/3-c/hwx-TiMg-5-386.cif
hwx-TiMg-6-225,3-c,TiMg,3-c,hwx,6,N6,225,TiMg/3-c/hwx-TiMg-6-225.cif,structures/TiMg/3-c/hwx-TiMg-6-225.cif
hwx-TiMg-7-592,3-c,TiMg,3-c,hwx,7,N7,592,TiMg/3-c/hwx-TiMg-7-592.cif,structures/TiMg/3-c/hwx-TiMg-7-592.cif
hwx-TiMg-9-130,3-c,TiMg,3-c,hwx,9,N9,130,TiMg/3-c/hwx-TiMg-9-130.cif,structures/TiMg/3-c/hwx-TiMg-9-130.cif
sab-TiMg-1-10,3-c,TiMg,3-c,sab,1,N1,10,TiMg/3-c/sab-TiMg-1-10.cif,structures/TiMg/3-c/sab-TiMg-1-10.cif
sab-TiMg-10-333,3-c,TiMg,3-c,sab,10,N10,333,TiMg/3-c/sab-TiMg-10-333.cif,structures/TiMg/3-c/sab-TiMg-10-333.cif
sab-TiMg-11-516,3-c,TiMg,3-c,sab,11,N11,516,TiMg/3-c/sab-TiMg-11-516.cif,structures/TiMg/3-c/sab-TiMg-11-516.cif
sab-TiMg-12-639,3-c,TiMg,3-c,sab,12,N12,639,TiMg/3-c/sab-TiMg-12-639.cif,structures/TiMg/3-c/sab-TiMg-12-639.cif
sab-TiMg-13-126,3-c,TiMg,3-c,sab,13,N13,126,TiMg/3-c/sab-TiMg-13-126.cif,structures/TiMg/3-c/sab-TiMg-13-126.cif
sab-TiMg-2-19,3-c,TiMg,3-c,sab,2,N2,19,TiMg/3-c/sab-TiMg-2-19.cif,structures/TiMg/3-c/sab-TiMg-2-19.cif
sab-TiMg-3-20,3-c,TiMg,3-c,sab,3,N3,20,TiMg/3-c/sab-TiMg-3-20.cif,structures/TiMg/3-c/sab-TiMg-3-20.cif
sab-TiMg-4-410,3-c,TiMg,3-c,sab,4,N4,410,TiMg/3-c/sab-TiMg-4-410.cif,structures/TiMg/3-c/sab-TiMg-4-410.cif
sab-TiMg-5-386,3-c,TiMg,3-c,sab,5,N5,386,TiMg/3-c/sab-TiMg-5-386.cif,structures/TiMg/3-c/sab-TiMg-5-386.cif
sab-TiMg-6-225,3-c,TiMg,3-c,sab,6,N6,225,TiMg/3-c/sab-TiMg-6-225.cif,structures/TiMg/3-c/sab-TiMg-6-225.cif
sab-TiMg-7-592,3-c,TiMg,3-c,sab,7,N7,592,TiMg/3-c/sab-TiMg-7-592.cif,structures/TiMg/3-c/sab-TiMg-7-592.cif
sab-TiMg-9-130,3-c,TiMg,3-c,sab,9,N9,130,TiMg/3-c/sab-TiMg-9-130.cif,structures/TiMg/3-c/sab-TiMg-9-130.cif
sit-TiMg-1-10,3-c,TiMg,3-c,sit,1,N1,10,TiMg/3-c/sit-TiMg-1-10.cif,structures/TiMg/3-c/sit-TiMg-1-10.cif
sit-TiMg-10-333,3-c,TiMg,3-c,sit,10,N10,333,TiMg/3-c/sit-TiMg-10-333.cif,structures/TiMg/3-c/sit-TiMg-10-333.cif
sit-TiMg-11-516,3-c,TiMg,3-c,sit,11,N11,516,TiMg/3-c/sit-TiMg-11-516.cif,structures/TiMg/3-c/sit-TiMg-11-516.cif
sit-TiMg-12-639,3-c,TiMg,3-c,sit,12,N12,639,TiMg/3-c/sit-TiMg-12-639.cif,structures/TiMg/3-c/sit-TiMg-12-639.cif
sit-TiMg-13-126,3-c,TiMg,3-c,sit,13,N13,126,TiMg/3-c/sit-TiMg-13-126.cif,structures/TiMg/3-c/sit-TiMg-13-126.cif
sit-TiMg-2-19,3-c,TiMg,3-c,sit,2,N2,19,TiMg/3-c/sit-TiMg-2-19.cif,structures/TiMg/3-c/sit-TiMg-2-19.cif
sit-TiMg-3-20,3-c,TiMg,3-c,sit,3,N3,20,TiMg/3-c/sit-TiMg-3-20.cif,structures/TiMg/3-c/sit-TiMg-3-20.cif
sit-TiMg-4-410,3-c,TiMg,3-c,sit,4,N4,410,TiMg/3-c/sit-TiMg-4-410.cif,structures/TiMg/3-c/sit-TiMg-4-410.cif
sit-TiMg-5-386,3-c,TiMg,3-c,sit,5,N5,386,TiMg/3-c/sit-TiMg-5-386.cif,structures/TiMg/3-c/sit-TiMg-5-386.cif
sit-TiMg-6-225,3-c,TiMg,3-c,sit,6,N6,225,TiMg/3-c/sit-TiMg-6-225.cif,structures/TiMg/3-c/sit-TiMg-6-225.cif
sit-TiMg-7-592,3-c,TiMg,3-c,sit,7,N7,592,TiMg/3-c/sit-TiMg-7-592.cif,structures/TiMg/3-c/sit-TiMg-7-592.cif
sit-TiMg-9-130,3-c,TiMg,3-c,sit,9,N9,130,TiMg/3-c/sit-TiMg-9-130.cif,structures/TiMg/3-c/sit-TiMg-9-130.cif
ydq-TiMg-1-10,3-c,TiMg,3-c,ydq,1,N1,10,TiMg/3-c/ydq-TiMg-1-10.cif,structures/TiMg/3-c/ydq-TiMg-1-10.cif
ydq-TiMg-10-333,3-c,TiMg,3-c,ydq,10,N10,333,TiMg/3-c/ydq-TiMg-10-333.cif,structures/TiMg/3-c/ydq-TiMg-10-333.cif
ydq-TiMg-11-516,3-c,TiMg,3-c,ydq,11,N11,516,TiMg/3-c/ydq-TiMg-11-516.cif,structures/TiMg/3-c/ydq-TiMg-11-516.cif
ydq-TiMg-12-639,3-c,TiMg,3-c,ydq,12,N12,639,TiMg/3-c/ydq-TiMg-12-639.cif,structures/TiMg/3-c/ydq-TiMg-12-639.cif
ydq-TiMg-13-126,3-c,TiMg,3-c,ydq,13,N13,126,TiMg/3-c/ydq-TiMg-13-126.cif,structures/TiMg/3-c/ydq-TiMg-13-126.cif
ydq-TiMg-2-19,3-c,TiMg,3-c,ydq,2,N2,19,TiMg/3-c/ydq-TiMg-2-19.cif,structures/TiMg/3-c/ydq-TiMg-2-19.cif
ydq-TiMg-3-20,3-c,TiMg,3-c,ydq,3,N3,20,TiMg/3-c/ydq-TiMg-3-20.cif,structures/TiMg/3-c/ydq-TiMg-3-20.cif
ydq-TiMg-4-410,3-c,TiMg,3-c,ydq,4,N4,410,TiMg/3-c/ydq-TiMg-4-410.cif,structures/TiMg/3-c/ydq-TiMg-4-410.cif
ydq-TiMg-5-386,3-c,TiMg,3-c,ydq,5,N5,386,TiMg/3-c/ydq-TiMg-5-386.cif,structures/TiMg/3-c/ydq-TiMg-5-386.cif
ydq-TiMg-6-225,3-c,TiMg,3-c,ydq,6,N6,225,TiMg/3-c/ydq-TiMg-6-225.cif,structures/TiMg/3-c/ydq-TiMg-6-225.cif
ydq-TiMg-7-592,3-c,TiMg,3-c,ydq,7,N7,592,TiMg/3-c/ydq-TiMg-7-592.cif,structures/TiMg/3-c/ydq-TiMg-7-592.cif
ydq-TiMg-9-130,3-c,TiMg,3-c,ydq,9,N9,130,TiMg/3-c/ydq-TiMg-9-130.cif,structures/TiMg/3-c/ydq-TiMg-9-130.cif
fsi-TiMg-8-644-D2h-D2d,4-c,TiMg,new,fsi,8,N8,644,TiMg/4-c-new/fsi-TiMg-8-644-D2h-D2d.cif,structures/TiMg/4-c-new/fsi-TiMg-8-644-D2h-D2d.cif
fsi-TiMg-9-201-D2h-D2d,4-c,TiMg,new,fsi,9,N9,201,TiMg/4-c-new/fsi-TiMg-9-201-D2h-D2d.cif,structures/TiMg/4-c-new/fsi-TiMg-9-201-D2h-D2d.cif
hea-TiMg-8-644-D2h-D2d,4-c,TiMg,new,hea,8,N8,644,TiMg/4-c-new/hea-TiMg-8-644-D2h-D2d.cif,structures/TiMg/4-c-new/hea-TiMg-8-644-D2h-D2d.cif
hea-TiMg-9-201-D2h-D2d,4-c,TiMg,new,hea,9,N9,201,TiMg/4-c-new/hea-TiMg-9-201-D2h-D2d.cif,structures/TiMg/4-c-new/hea-TiMg-9-201-D2h-D2d.cif
stp-TiMg-11-662-D4h-T,4-c,TiMg,new,stp,11,N11,662,TiMg/4-c-new/stp-TiMg-11-662-D4h-T.cif,structures/TiMg/4-c-new/stp-TiMg-11-662-D4h-T.cif
ttp-TiMg-10-607-D2h-D2d,4-c,TiMg,new,ttp,10,N10,607,TiMg/4-c-new/ttp-TiMg-10-607-D2h-D2d.cif,structures/TiMg/4-c-new/ttp-TiMg-10-607-D2h-D2d.cif
ttp-TiMg-4-12-D2h,4-c,TiMg,new,ttp,4,N4,12,TiMg/4-c-new/ttp-TiMg-4-12-D2h.cif,structures/TiMg/4-c-new/ttp-TiMg-4-12-D2h.cif
ttp-TiMg-5-665-D2h,4-c,TiMg,new,ttp,5,N5,665,TiMg/4-c-new/ttp-TiMg-5-665-D2h.cif,structures/TiMg/4-c-new/ttp-TiMg-5-665-D2h.cif
ttp-TiMg-6-614-D2h,4-c,TiMg,new,ttp,6,N6,614,TiMg/4-c-new/ttp-TiMg-6-614-D2h.cif,structures/TiMg/4-c-new/ttp-TiMg-6-614-D2h.cif
ttp-TiMg-7-7-D2h-D2d,4-c,TiMg,new,ttp,7,N7,7,TiMg/4-c-new/ttp-TiMg-7-7-D2h-D2d.cif,structures/TiMg/4-c-new/ttp-TiMg-7-7-D2h-D2d.cif
ttx-TiMg-10-607-D2h-D2d,4-c,TiMg,new,ttx,10,N10,607,TiMg/4-c-new/ttx-TiMg-10-607-D2h-D2d.cif,structures/TiMg/4-c-new/ttx-TiMg-10-607-D2h-D2d.cif
ttx-TiMg-3-1-D2h,4-c,TiMg,new,ttx,3,N3,1,TiMg/4-c-new/ttx-TiMg-3-1-D2h.cif,structures/TiMg/4-c-new/ttx-TiMg-3-1-D2h.cif
ttx-TiMg-7-7-D2h-D2d,4-c,TiMg,new,ttx,7,N7,7,TiMg/4-c-new/ttx-TiMg-7-7-D2h-D2d.cif,structures/TiMg/4-c-new/ttx-TiMg-7-7-D2h-D2d.cif
ttx-TiMg-8-644-D2h-D2d,4-c,TiMg,new,ttx,8,N8,644,TiMg/4-c-new/ttx-TiMg-8-644-D2h-D2d.cif,structures/TiMg/4-c-new/ttx-TiMg-8-644-D2h-D2d.cif
ttx-TiMg-9-201-D2h-D2d,4-c,TiMg,new,ttx,9,N9,201,TiMg/4-c-new/ttx-TiMg-9-201-D2h-D2d.cif,structures/TiMg/4-c-new/ttx-TiMg-9-201-D2h-D2d.cif
txs-TiMg-8-644-D2h-D2d,4-c,TiMg,new,txs,8,N8,644,TiMg/4-c-new/txs-TiMg-8-644-D2h-D2d.cif,structures/TiMg/4-c-new/txs-TiMg-8-644-D2h-D2d.cif
txs-TiMg-9-201-D2h-D2d,4-c,TiMg,new,txs,9,N9,201,TiMg/4-c-new/txs-TiMg-9-201-D2h-D2d.cif,structures/TiMg/4-c-new/txs-TiMg-9-201-D2h-D2d.cif
fsi-TiMg-10-607-D2h-D2d,4-c,TiMg,ori,fsi,10,N10,607,TiMg/4-c-ori/fsi-TiMg-10-607-D2h-D2d.cif,structures/TiMg/4-c-ori/fsi-TiMg-10-607-D2h-D2d.cif
fsi-TiMg-11-662-D4h-T,4-c,TiMg,ori,fsi,11,N11,662,TiMg/4-c-ori/fsi-TiMg-11-662-D4h-T.cif,structures/TiMg/4-c-ori/fsi-TiMg-11-662-D4h-T.cif
fsi-TiMg-12-693-Td,4-c,TiMg,ori,fsi,12,N12,693,TiMg/4-c-ori/fsi-TiMg-12-693-Td.cif,structures/TiMg/4-c-ori/fsi-TiMg-12-693-Td.cif
fsi-TiMg-13-600-Td,4-c,TiMg,ori,fsi,13,N13,600,TiMg/4-c-ori/fsi-TiMg-13-600-Td.cif,structures/TiMg/4-c-ori/fsi-TiMg-13-600-Td.cif
fsi-TiMg-7-7-D2h-D2d,4-c,TiMg,ori,fsi,7,N7,7,TiMg/4-c-ori/fsi-TiMg-7-7-D2h-D2d.cif,structures/TiMg/4-c-ori/fsi-TiMg-7-7-D2h-D2d.cif
hea-TiMg-10-607-D2h-D2d,4-c,TiMg,ori,hea,10,N10,607,TiMg/4-c-ori/hea-TiMg-10-607-D2h-D2d.cif,structures/TiMg/4-c-ori/hea-TiMg-10-607-D2h-D2d.cif
hea-TiMg-11-662-D4h-T,4-c,TiMg,ori,hea,11,N11,662,TiMg/4-c-ori/hea-TiMg-11-662-D4h-T.cif,structures/TiMg/4-c-ori/hea-TiMg-11-662-D4h-T.cif
hea-TiMg-12-693-Td,4-c,TiMg,ori,hea,12,N12,693,TiMg/4-c-ori/hea-TiMg-12-693-Td.cif,structures/TiMg/4-c-ori/hea-TiMg-12-693-Td.cif
hea-TiMg-13-600-Td,4-c,TiMg,ori,hea,13,N13,600,TiMg/4-c-ori/hea-TiMg-13-600-Td.cif,structures/TiMg/4-c-ori/hea-TiMg-13-600-Td.cif
hea-TiMg-7-7-D2h-D2d,4-c,TiMg,ori,hea,7,N7,7,TiMg/4-c-ori/hea-TiMg-7-7-D2h-D2d.cif,structures/TiMg/4-c-ori/hea-TiMg-7-7-D2h-D2d.cif
stp-TiMg-1-445-D4h,4-c,TiMg,ori,stp,1,N1,445,TiMg/4-c-ori/stp-TiMg-1-445-D4h.cif,structures/TiMg/4-c-ori/stp-TiMg-1-445-D4h.cif
stp-TiMg-2-13-D4h,4-c,TiMg,ori,stp,2,N2,13,TiMg/4-c-ori/stp-TiMg-2-13-D4h.cif,structures/TiMg/4-c-ori/stp-TiMg-2-13-D4h.cif
ttp-TiMg-3-1-D2h,4-c,TiMg,ori,ttp,3,N3,1,TiMg/4-c-ori/ttp-TiMg-3-1-D2h.cif,structures/TiMg/4-c-ori/ttp-TiMg-3-1-D2h.cif
ttp-TiMg-8-644-D2h-D2d,4-c,TiMg,ori,ttp,8,N8,644,TiMg/4-c-ori/ttp-TiMg-8-644-D2h-D2d.cif,structures/TiMg/4-c-ori/ttp-TiMg-8-644-D2h-D2d.cif
ttp-TiMg-9-201-D2h-D2d,4-c,TiMg,ori,ttp,9,N9,201,TiMg/4-c-ori/ttp-TiMg-9-201-D2h-D2d.cif,structures/TiMg/4-c-ori/ttp-TiMg-9-201-D2h-D2d.cif
ttx-TiMg-4-12-D2h,4-c,TiMg,ori,ttx,4,N4,12,TiMg/4-c-ori/ttx-TiMg-4-12-D2h.cif,structures/TiMg/4-c-ori/ttx-TiMg-4-12-D2h.cif
ttx-TiMg-5-665-D2h,4-c,TiMg,ori,ttx,5,N5,665,TiMg/4-c-ori/ttx-TiMg-5-665-D2h.cif,structures/TiMg/4-c-ori/ttx-TiMg-5-665-D2h.cif
ttx-TiMg-6-614-D2h,4-c,TiMg,ori,ttx,6,N6,614,TiMg/4-c-ori/ttx-TiMg-6-614-D2h.cif,structures/TiMg/4-c-ori/ttx-TiMg-6-614-D2h.cif
txs-TiMg-10-607-D2h-D2d,4-c,TiMg,ori,txs,10,N10,607,TiMg/4-c-ori/txs-TiMg-10-607-D2h-D2d.cif,structures/TiMg/4-c-ori/txs-TiMg-10-607-D2h-D2d.cif
txs-TiMg-11-662-D4h-T,4-c,TiMg,ori,txs,11,N11,662,TiMg/4-c-ori/txs-TiMg-11-662-D4h-T.cif,structures/TiMg/4-c-ori/txs-TiMg-11-662-D4h-T.cif
txs-TiMg-12-693-Td,4-c,TiMg,ori,txs,12,N12,693,TiMg/4-c-ori/txs-TiMg-12-693-Td.cif,structures/TiMg/4-c-ori/txs-TiMg-12-693-Td.cif
txs-TiMg-13-600-Td,4-c,TiMg,ori,txs,13,N13,600,TiMg/4-c-ori/txs-TiMg-13-600-Td.cif,structures/TiMg/4-c-ori/txs-TiMg-13-600-Td.cif
txs-TiMg-7-7-D2h-D2d,4-c,TiMg,ori,txs,7,N7,7,TiMg/4-c-ori/txs-TiMg-7-7-D2h-D2d.cif,structures/TiMg/4-c-ori/txs-TiMg-7-7-D2h-D2d.cif
ceq-TiMg-TATB,3-c,TiMg,3-c,ceq,8,N8,TATB,TiMg/TATB/ceq-TiMg-TATB.cif,structures/TiMg/TATB/ceq-TiMg-TATB.cif
cml-TiMg-TATB,3-c,TiMg,3-c,cml,8,N8,TATB,TiMg/TATB/cml-TiMg-TATB.cif,structures/TiMg/TATB/cml-TiMg-TATB.cif
dag-TiMg-TATB,3-c,TiMg,3-c,dag,8,N8,TATB,TiMg/TATB/dag-TiMg-TATB.cif,structures/TiMg/TATB/dag-TiMg-TATB.cif
fmz-TiMg-TATB,3-c,TiMg,3-c,fmz,8,N8,TATB,TiMg/TATB/fmz-TiMg-TATB.cif,structures/TiMg/TATB/fmz-TiMg-TATB.cif
hwx-TiMg-TATB,3-c,TiMg,3-c,hwx,8,N8,TATB,TiMg/TATB/hwx-TiMg-TATB.cif,structures/TiMg/TATB/hwx-TiMg-TATB.cif
sab-TiMg-TATB,3-c,TiMg,3-c,sab,8,N8,TATB,TiMg/TATB/sab-TiMg-TATB.cif,structures/TiMg/TATB/sab-TiMg-TATB.cif
sit-TiMg-TATB,3-c,TiMg,3-c,sit,8,N8,TATB,TiMg/TATB/sit-TiMg-TATB.cif,structures/TiMg/TATB/sit-TiMg-TATB.cif
ydq-TiMg-TATB,3-c,TiMg,3-c,ydq,8,N8,TATB,TiMg/TATB/ydq-TiMg-TATB.cif,structures/TiMg/TATB/ydq-TiMg-TATB.cif
ceq-TiNi-1-10,3-c,TiNi,3-c,ceq,1,N1,10,TiNi/3-c/ceq-TiNi-1-10.cif,structures/TiNi/3-c/ceq-TiNi-1-10.cif
ceq-TiNi-10-333,3-c,TiNi,3-c,ceq,10,N10,333,TiNi/3-c/ceq-TiNi-10-333.cif,structures/TiNi/3-c/ceq-TiNi-10-333.cif
ceq-TiNi-11-516,3-c,TiNi,3-c,ceq,11,N11,516,TiNi/3-c/ceq-TiNi-11-516.cif,structures/TiNi/3-c/ceq-TiNi-11-516.cif
ceq-TiNi-12-639,3-c,TiNi,3-c,ceq,12,N12,639,TiNi/3-c/ceq-TiNi-12-639.cif,structures/TiNi/3-c/ceq-TiNi-12-639.cif
ceq-TiNi-13-126,3-c,TiNi,3-c,ceq,13,N13,126,TiNi/3-c/ceq-TiNi-13-126.cif,structures/TiNi/3-c/ceq-TiNi-13-126.cif
ceq-TiNi-2-19,3-c,TiNi,3-c,ceq,2,N2,19,TiNi/3-c/ceq-TiNi-2-19.cif,structures/TiNi/3-c/ceq-TiNi-2-19.cif
ceq-TiNi-3-20,3-c,TiNi,3-c,ceq,3,N3,20,TiNi/3-c/ceq-TiNi-3-20.cif,structures/TiNi/3-c/ceq-TiNi-3-20.cif
ceq-TiNi-4-410,3-c,TiNi,3-c,ceq,4,N4,410,TiNi/3-c/ceq-TiNi-4-410.cif,structures/TiNi/3-c/ceq-TiNi-4-410.cif
ceq-TiNi-5-386,3-c,TiNi,3-c,ceq,5,N5,386,TiNi/3-c/ceq-TiNi-5-386.cif,structures/TiNi/3-c/ceq-TiNi-5-386.cif
ceq-TiNi-6-225,3-c,TiNi,3-c,ceq,6,N6,225,TiNi/3-c/ceq-TiNi-6-225.cif,structures/TiNi/3-c/ceq-TiNi-6-225.cif
ceq-TiNi-7-592,3-c,TiNi,3-c,ceq,7,N7,592,TiNi/3-c/ceq-TiNi-7-592.cif,structures/TiNi/3-c/ceq-TiNi-7-592.cif
ceq-TiNi-9-130,3-c,TiNi,3-c,ceq,9,N9,130,TiNi/3-c/ceq-TiNi-9-130.cif,structures/TiNi/3-c/ceq-TiNi-9-130.cif
cml-TiNi-1-10,3-c,TiNi,3-c,cml,1,N1,10,TiNi/3-c/cml-TiNi-1-10.cif,structures/TiNi/3-c/cml-TiNi-1-10.cif
cml-TiNi-10-333,3-c,TiNi,3-c,cml,10,N10,333,TiNi/3-c/cml-TiNi-10-333.cif,structures/TiNi/3-c/cml-TiNi-10-333.cif
cml-TiNi-11-516,3-c,TiNi,3-c,cml,11,N11,516,TiNi/3-c/cml-TiNi-11-516.cif,structures/TiNi/3-c/cml-TiNi-11-516.cif
cml-TiNi-12-639,3-c,TiNi,3-c,cml,12,N12,639,TiNi/3-c/cml-TiNi-12-639.cif,structures/TiNi/3-c/cml-TiNi-12-639.cif
cml-TiNi-13-126,3-c,TiNi,3-c,cml,13,N13,126,TiNi/3-c/cml-TiNi-13-126.cif,structures/TiNi/3-c/cml-TiNi-13-126.cif
cml-TiNi-2-19,3-c,TiNi,3-c,cml,2,N2,19,TiNi/3-c/cml-TiNi-2-19.cif,structures/TiNi/3-c/cml-TiNi-2-19.cif
cml-TiNi-3-20,3-c,TiNi,3-c,cml,3,N3,20,TiNi/3-c/cml-TiNi-3-20.cif,structures/TiNi/3-c/cml-TiNi-3-20.cif
cml-TiNi-4-410,3-c,TiNi,3-c,cml,4,N4,410,TiNi/3-c/cml-TiNi-4-410.cif,structures/TiNi/3-c/cml-TiNi-4-410.cif
cml-TiNi-5-386,3-c,TiNi,3-c,cml,5,N5,386,TiNi/3-c/cml-TiNi-5-386.cif,structures/TiNi/3-c/cml-TiNi-5-386.cif
cml-TiNi-6-225,3-c,TiNi,3-c,cml,6,N6,225,TiNi/3-c/cml-TiNi-6-225.cif,structures/TiNi/3-c/cml-TiNi-6-225.cif
cml-TiNi-7-592,3-c,TiNi,3-c,cml,7,N7,592,TiNi/3-c/cml-TiNi-7-592.cif,structures/TiNi/3-c/cml-TiNi-7-592.cif
cml-TiNi-9-130,3-c,TiNi,3-c,cml,9,N9,130,TiNi/3-c/cml-TiNi-9-130.cif,structures/TiNi/3-c/cml-TiNi-9-130.cif
dag-TiNi-1-10,3-c,TiNi,3-c,dag,1,N1,10,TiNi/3-c/dag-TiNi-1-10.cif,structures/TiNi/3-c/dag-TiNi-1-10.cif
dag-TiNi-10-333,3-c,TiNi,3-c,dag,10,N10,333,TiNi/3-c/dag-TiNi-10-333.cif,structures/TiNi/3-c/dag-TiNi-10-333.cif
dag-TiNi-11-516,3-c,TiNi,3-c,dag,11,N11,516,TiNi/3-c/dag-TiNi-11-516.cif,structures/TiNi/3-c/dag-TiNi-11-516.cif
dag-TiNi-12-639,3-c,TiNi,3-c,dag,12,N12,639,TiNi/3-c/dag-TiNi-12-639.cif,structures/TiNi/3-c/dag-TiNi-12-639.cif
dag-TiNi-13-126,3-c,TiNi,3-c,dag,13,N13,126,TiNi/3-c/dag-TiNi-13-126.cif,structures/TiNi/3-c/dag-TiNi-13-126.cif
dag-TiNi-2-19,3-c,TiNi,3-c,dag,2,N2,19,TiNi/3-c/dag-TiNi-2-19.cif,structures/TiNi/3-c/dag-TiNi-2-19.cif
dag-TiNi-3-20,3-c,TiNi,3-c,dag,3,N3,20,TiNi/3-c/dag-TiNi-3-20.cif,structures/TiNi/3-c/dag-TiNi-3-20.cif
dag-TiNi-4-410,3-c,TiNi,3-c,dag,4,N4,410,TiNi/3-c/dag-TiNi-4-410.cif,structures/TiNi/3-c/dag-TiNi-4-410.cif
dag-TiNi-5-386,3-c,TiNi,3-c,dag,5,N5,386,TiNi/3-c/dag-TiNi-5-386.cif,structures/TiNi/3-c/dag-TiNi-5-386.cif
dag-TiNi-6-225,3-c,TiNi,3-c,dag,6,N6,225,TiNi/3-c/dag-TiNi-6-225.cif,structures/TiNi/3-c/dag-TiNi-6-225.cif
dag-TiNi-7-592,3-c,TiNi,3-c,dag,7,N7,592,TiNi/3-c/dag-TiNi-7-592.cif,structures/TiNi/3-c/dag-TiNi-7-592.cif
dag-TiNi-9-130,3-c,TiNi,3-c,dag,9,N9,130,TiNi/3-c/dag-TiNi-9-130.cif,structures/TiNi/3-c/dag-TiNi-9-130.cif
fmz-TiNi-1-10,3-c,TiNi,3-c,fmz,1,N1,10,TiNi/3-c/fmz-TiNi-1-10.cif,structures/TiNi/3-c/fmz-TiNi-1-10.cif
fmz-TiNi-10-333,3-c,TiNi,3-c,fmz,10,N10,333,TiNi/3-c/fmz-TiNi-10-333.cif,structures/TiNi/3-c/fmz-TiNi-10-333.cif
fmz-TiNi-11-516,3-c,TiNi,3-c,fmz,11,N11,516,TiNi/3-c/fmz-TiNi-11-516.cif,structures/TiNi/3-c/fmz-TiNi-11-516.cif
fmz-TiNi-12-639,3-c,TiNi,3-c,fmz,12,N12,639,TiNi/3-c/fmz-TiNi-12-639.cif,structures/TiNi/3-c/fmz-TiNi-12-639.cif
fmz-TiNi-13-126,3-c,TiNi,3-c,fmz,13,N13,126,TiNi/3-c/fmz-TiNi-13-126.cif,structures/TiNi/3-c/fmz-TiNi-13-126.cif
fmz-TiNi-2-19,3-c,TiNi,3-c,fmz,2,N2,19,TiNi/3-c/fmz-TiNi-2-19.cif,structures/TiNi/3-c/fmz-TiNi-2-19.cif
fmz-TiNi-3-20,3-c,TiNi,3-c,fmz,3,N3,20,TiNi/3-c/fmz-TiNi-3-20.cif,structures/TiNi/3-c/fmz-TiNi-3-20.cif
fmz-TiNi-4-410,3-c,TiNi,3-c,fmz,4,N4,410,TiNi/3-c/fmz-TiNi-4-410.cif,structures/TiNi/3-c/fmz-TiNi-4-410.cif
fmz-TiNi-5-386,3-c,TiNi,3-c,fmz,5,N5,386,TiNi/3-c/fmz-TiNi-5-386.cif,structures/TiNi/3-c/fmz-TiNi-5-386.cif
fmz-TiNi-6-225,3-c,TiNi,3-c,fmz,6,N6,225,TiNi/3-c/fmz-TiNi-6-225.cif,structures/TiNi/3-c/fmz-TiNi-6-225.cif
fmz-TiNi-7-592,3-c,TiNi,3-c,fmz,7,N7,592,TiNi/3-c/fmz-TiNi-7-592.cif,structures/TiNi/3-c/fmz-TiNi-7-592.cif
fmz-TiNi-9-130,3-c,TiNi,3-c,fmz,9,N9,130,TiNi/3-c/fmz-TiNi-9-130.cif,structures/TiNi/3-c/fmz-TiNi-9-130.cif
hwx-TiNi-1-10,3-c,TiNi,3-c,hwx,1,N1,10,TiNi/3-c/hwx-TiNi-1-10.cif,structures/TiNi/3-c/hwx-TiNi-1-10.cif
hwx-TiNi-10-333,3-c,TiNi,3-c,hwx,10,N10,333,TiNi/3-c/hwx-TiNi-10-333.cif,structures/TiNi/3-c/hwx-TiNi-10-333.cif
hwx-TiNi-11-516,3-c,TiNi,3-c,hwx,11,N11,516,TiNi/3-c/hwx-TiNi-11-516.cif,structures/TiNi/3-c/hwx-TiNi-11-516.cif
hwx-TiNi-12-639,3-c,TiNi,3-c,hwx,12,N12,639,TiNi/3-c/hwx-TiNi-12-639.cif,structures/TiNi/3-c/hwx-TiNi-12-639.cif
hwx-TiNi-13-126,3-c,TiNi,3-c,hwx,13,N13,126,TiNi/3-c/hwx-TiNi-13-126.cif,structures/TiNi/3-c/hwx-TiNi-13-126.cif
hwx-TiNi-2-19,3-c,TiNi,3-c,hwx,2,N2,19,TiNi/3-c/hwx-TiNi-2-19.cif,structures/TiNi/3-c/hwx-TiNi-2-19.cif
hwx-TiNi-3-20,3-c,TiNi,3-c,hwx,3,N3,20,TiNi/3-c/hwx-TiNi-3-20.cif,structures/TiNi/3-c/hwx-TiNi-3-20.cif
hwx-TiNi-4-410,3-c,TiNi,3-c,hwx,4,N4,410,TiNi/3-c/hwx-TiNi-4-410.cif,structures/TiNi/3-c/hwx-TiNi-4-410.cif
hwx-TiNi-5-386,3-c,TiNi,3-c,hwx,5,N5,386,TiNi/3-c/hwx-TiNi-5-386.cif,structures/TiNi/3-c/hwx-TiNi-5-386.cif
hwx-TiNi-6-225,3-c,TiNi,3-c,hwx,6,N6,225,TiNi/3-c/hwx-TiNi-6-225.cif,structures/TiNi/3-c/hwx-TiNi-6-225.cif
hwx-TiNi-7-592,3-c,TiNi,3-c,hwx,7,N7,592,TiNi/3-c/hwx-TiNi-7-592.cif,structures/TiNi/3-c/hwx-TiNi-7-592.cif
hwx-TiNi-9-130,3-c,TiNi,3-c,hwx,9,N9,130,TiNi/3-c/hwx-TiNi-9-130.cif,structures/TiNi/3-c/hwx-TiNi-9-130.cif
sab-TiNi-1-10,3-c,TiNi,3-c,sab,1,N1,10,TiNi/3-c/sab-TiNi-1-10.cif,structures/TiNi/3-c/sab-TiNi-1-10.cif
sab-TiNi-10-333,3-c,TiNi,3-c,sab,10,N10,333,TiNi/3-c/sab-TiNi-10-333.cif,structures/TiNi/3-c/sab-TiNi-10-333.cif
sab-TiNi-11-516,3-c,TiNi,3-c,sab,11,N11,516,TiNi/3-c/sab-TiNi-11-516.cif,structures/TiNi/3-c/sab-TiNi-11-516.cif
sab-TiNi-12-639,3-c,TiNi,3-c,sab,12,N12,639,TiNi/3-c/sab-TiNi-12-639.cif,structures/TiNi/3-c/sab-TiNi-12-639.cif
sab-TiNi-13-126,3-c,TiNi,3-c,sab,13,N13,126,TiNi/3-c/sab-TiNi-13-126.cif,structures/TiNi/3-c/sab-TiNi-13-126.cif
sab-TiNi-2-19,3-c,TiNi,3-c,sab,2,N2,19,TiNi/3-c/sab-TiNi-2-19.cif,structures/TiNi/3-c/sab-TiNi-2-19.cif
sab-TiNi-3-20,3-c,TiNi,3-c,sab,3,N3,20,TiNi/3-c/sab-TiNi-3-20.cif,structures/TiNi/3-c/sab-TiNi-3-20.cif
sab-TiNi-4-410,3-c,TiNi,3-c,sab,4,N4,410,TiNi/3-c/sab-TiNi-4-410.cif,structures/TiNi/3-c/sab-TiNi-4-410.cif
sab-TiNi-5-386,3-c,TiNi,3-c,sab,5,N5,386,TiNi/3-c/sab-TiNi-5-386.cif,structures/TiNi/3-c/sab-TiNi-5-386.cif
sab-TiNi-6-225,3-c,TiNi,3-c,sab,6,N6,225,TiNi/3-c/sab-TiNi-6-225.cif,structures/TiNi/3-c/sab-TiNi-6-225.cif
sab-TiNi-7-592,3-c,TiNi,3-c,sab,7,N7,592,TiNi/3-c/sab-TiNi-7-592.cif,structures/TiNi/3-c/sab-TiNi-7-592.cif
sab-TiNi-9-130,3-c,TiNi,3-c,sab,9,N9,130,TiNi/3-c/sab-TiNi-9-130.cif,structures/TiNi/3-c/sab-TiNi-9-130.cif
sit-TiNi-1-10,3-c,TiNi,3-c,sit,1,N1,10,TiNi/3-c/sit-TiNi-1-10.cif,structures/TiNi/3-c/sit-TiNi-1-10.cif
sit-TiNi-10-333,3-c,TiNi,3-c,sit,10,N10,333,TiNi/3-c/sit-TiNi-10-333.cif,structures/TiNi/3-c/sit-TiNi-10-333.cif
sit-TiNi-11-516,3-c,TiNi,3-c,sit,11,N11,516,TiNi/3-c/sit-TiNi-11-516.cif,structures/TiNi/3-c/sit-TiNi-11-516.cif
sit-TiNi-12-639,3-c,TiNi,3-c,sit,12,N12,639,TiNi/3-c/sit-TiNi-12-639.cif,structures/TiNi/3-c/sit-TiNi-12-639.cif
sit-TiNi-13-126,3-c,TiNi,3-c,sit,13,N13,126,TiNi/3-c/sit-TiNi-13-126.cif,structures/TiNi/3-c/sit-TiNi-13-126.cif
sit-TiNi-2-19,3-c,TiNi,3-c,sit,2,N2,19,TiNi/3-c/sit-TiNi-2-19.cif,structures/TiNi/3-c/sit-TiNi-2-19.cif
sit-TiNi-3-20,3-c,TiNi,3-c,sit,3,N3,20,TiNi/3-c/sit-TiNi-3-20.cif,structures/TiNi/3-c/sit-TiNi-3-20.cif
sit-TiNi-4-410,3-c,TiNi,3-c,sit,4,N4,410,TiNi/3-c/sit-TiNi-4-410.cif,structures/TiNi/3-c/sit-TiNi-4-410.cif
sit-TiNi-5-386,3-c,TiNi,3-c,sit,5,N5,386,TiNi/3-c/sit-TiNi-5-386.cif,structures/TiNi/3-c/sit-TiNi-5-386.cif
sit-TiNi-6-225,3-c,TiNi,3-c,sit,6,N6,225,TiNi/3-c/sit-TiNi-6-225.cif,structures/TiNi/3-c/sit-TiNi-6-225.cif
sit-TiNi-7-592,3-c,TiNi,3-c,sit,7,N7,592,TiNi/3-c/sit-TiNi-7-592.cif,structures/TiNi/3-c/sit-TiNi-7-592.cif
sit-TiNi-9-130,3-c,TiNi,3-c,sit,9,N9,130,TiNi/3-c/sit-TiNi-9-130.cif,structures/TiNi/3-c/sit-TiNi-9-130.cif
ydq-TiNi-1-10,3-c,TiNi,3-c,ydq,1,N1,10,TiNi/3-c/ydq-TiNi-1-10.cif,structures/TiNi/3-c/ydq-TiNi-1-10.cif
ydq-TiNi-10-333,3-c,TiNi,3-c,ydq,10,N10,333,TiNi/3-c/ydq-TiNi-10-333.cif,structures/TiNi/3-c/ydq-TiNi-10-333.cif
ydq-TiNi-11-516,3-c,TiNi,3-c,ydq,11,N11,516,TiNi/3-c/ydq-TiNi-11-516.cif,structures/TiNi/3-c/ydq-TiNi-11-516.cif
ydq-TiNi-12-639,3-c,TiNi,3-c,ydq,12,N12,639,TiNi/3-c/ydq-TiNi-12-639.cif,structures/TiNi/3-c/ydq-TiNi-12-639.cif
ydq-TiNi-13-126,3-c,TiNi,3-c,ydq,13,N13,126,TiNi/3-c/ydq-TiNi-13-126.cif,structures/TiNi/3-c/ydq-TiNi-13-126.cif
ydq-TiNi-2-19,3-c,TiNi,3-c,ydq,2,N2,19,TiNi/3-c/ydq-TiNi-2-19.cif,structures/TiNi/3-c/ydq-TiNi-2-19.cif
ydq-TiNi-3-20,3-c,TiNi,3-c,ydq,3,N3,20,TiNi/3-c/ydq-TiNi-3-20.cif,structures/TiNi/3-c/ydq-TiNi-3-20.cif
ydq-TiNi-4-410,3-c,TiNi,3-c,ydq,4,N4,410,TiNi/3-c/ydq-TiNi-4-410.cif,structures/TiNi/3-c/ydq-TiNi-4-410.cif
ydq-TiNi-5-386,3-c,TiNi,3-c,ydq,5,N5,386,TiNi/3-c/ydq-TiNi-5-386.cif,structures/TiNi/3-c/ydq-TiNi-5-386.cif
ydq-TiNi-6-225,3-c,TiNi,3-c,ydq,6,N6,225,TiNi/3-c/ydq-TiNi-6-225.cif,structures/TiNi/3-c/ydq-TiNi-6-225.cif
ydq-TiNi-7-592,3-c,TiNi,3-c,ydq,7,N7,592,TiNi/3-c/ydq-TiNi-7-592.cif,structures/TiNi/3-c/ydq-TiNi-7-592.cif
ydq-TiNi-9-130,3-c,TiNi,3-c,ydq,9,N9,130,TiNi/3-c/ydq-TiNi-9-130.cif,structures/TiNi/3-c/ydq-TiNi-9-130.cif
fsi-TiNi-8-644-D2h-D2d,4-c,TiNi,new,fsi,8,N8,644,TiNi/4-c-new/fsi-TiNi-8-644-D2h-D2d.cif,structures/TiNi/4-c-new/fsi-TiNi-8-644-D2h-D2d.cif
fsi-TiNi-9-201-D2h-D2d,4-c,TiNi,new,fsi,9,N9,201,TiNi/4-c-new/fsi-TiNi-9-201-D2h-D2d.cif,structures/TiNi/4-c-new/fsi-TiNi-9-201-D2h-D2d.cif
hea-TiNi-8-644-D2h-D2d,4-c,TiNi,new,hea,8,N8,644,TiNi/4-c-new/hea-TiNi-8-644-D2h-D2d.cif,structures/TiNi/4-c-new/hea-TiNi-8-644-D2h-D2d.cif
hea-TiNi-9-201-D2h-D2d,4-c,TiNi,new,hea,9,N9,201,TiNi/4-c-new/hea-TiNi-9-201-D2h-D2d.cif,structures/TiNi/4-c-new/hea-TiNi-9-201-D2h-D2d.cif
stp-TiNi-11-662-D4h-T,4-c,TiNi,new,stp,11,N11,662,TiNi/4-c-new/stp-TiNi-11-662-D4h-T.cif,structures/TiNi/4-c-new/stp-TiNi-11-662-D4h-T.cif
ttp-TiNi-10-607-D2h-D2d,4-c,TiNi,new,ttp,10,N10,607,TiNi/4-c-new/ttp-TiNi-10-607-D2h-D2d.cif,structures/TiNi/4-c-new/ttp-TiNi-10-607-D2h-D2d.cif
ttp-TiNi-4-12-D2h,4-c,TiNi,new,ttp,4,N4,12,TiNi/4-c-new/ttp-TiNi-4-12-D2h.cif,structures/TiNi/4-c-new/ttp-TiNi-4-12-D2h.cif
ttp-TiNi-5-665-D2h,4-c,TiNi,new,ttp,5,N5,665,TiNi/4-c-new/ttp-TiNi-5-665-D2h.cif,structures/TiNi/4-c-new/ttp-TiNi-5-665-D2h.cif
ttp-TiNi-6-614-D2h,4-c,TiNi,new,ttp,6,N6,614,TiNi/4-c-new/ttp-TiNi-6-614-D2h.cif,structures/TiNi/4-c-new/ttp-TiNi-6-614-D2h.cif
ttp-TiNi-7-7-D2h-D2d,4-c,TiNi,new,ttp,7,N7,7,TiNi/4-c-new/ttp-TiNi-7-7-D2h-D2d.cif,structures/TiNi/4-c-new/ttp-TiNi-7-7-D2h-D2d.cif
ttx-TiNi-10-607-D2h-D2d,4-c,TiNi,new,ttx,10,N10,607,TiNi/4-c-new/ttx-TiNi-10-607-D2h-D2d.cif,structures/TiNi/4-c-new/ttx-TiNi-10-607-D2h-D2d.cif
ttx-TiNi-3-1-D2h,4-c,TiNi,new,ttx,3,N3,1,TiNi/4-c-new/ttx-TiNi-3-1-D2h.cif,structures/TiNi/4-c-new/ttx-TiNi-3-1-D2h.cif
ttx-TiNi-7-7-D2h-D2d,4-c,TiNi,new,ttx,7,N7,7,TiNi/4-c-new/ttx-TiNi-7-7-D2h-D2d.cif,structures/TiNi/4-c-new/ttx-TiNi-7-7-D2h-D2d.cif
ttx-TiNi-8-644-D2h-D2d,4-c,TiNi,new,ttx,8,N8,644,TiNi/4-c-new/ttx-TiNi-8-644-D2h-D2d.cif,structures/TiNi/4-c-new/ttx-TiNi-8-644-D2h-D2d.cif
ttx-TiNi-9-201-D2h-D2d,4-c,TiNi,new,ttx,9,N9,201,TiNi/4-c-new/ttx-TiNi-9-201-D2h-D2d.cif,structures/TiNi/4-c-new/ttx-TiNi-9-201-D2h-D2d.cif
txs-TiNi-8-644-D2h-D2d,4-c,TiNi,new,txs,8,N8,644,TiNi/4-c-new/txs-TiNi-8-644-D2h-D2d.cif,structures/TiNi/4-c-new/txs-TiNi-8-644-D2h-D2d.cif
txs-TiNi-9-201-D2h-D2d,4-c,TiNi,new,txs,9,N9,201,TiNi/4-c-new/txs-TiNi-9-201-D2h-D2d.cif,structures/TiNi/4-c-new/txs-TiNi-9-201-D2h-D2d.cif
fsi-TiNi-10-607-D2h-D2d,4-c,TiNi,ori,fsi,10,N10,607,TiNi/4-c-ori/fsi-TiNi-10-607-D2h-D2d.cif,structures/TiNi/4-c-ori/fsi-TiNi-10-607-D2h-D2d.cif
fsi-TiNi-11-662-D4h-T,4-c,TiNi,ori,fsi,11,N11,662,TiNi/4-c-ori/fsi-TiNi-11-662-D4h-T.cif,structures/TiNi/4-c-ori/fsi-TiNi-11-662-D4h-T.cif
fsi-TiNi-12-693-Td,4-c,TiNi,ori,fsi,12,N12,693,TiNi/4-c-ori/fsi-TiNi-12-693-Td.cif,structures/TiNi/4-c-ori/fsi-TiNi-12-693-Td.cif
fsi-TiNi-13-600-Td,4-c,TiNi,ori,fsi,13,N13,600,TiNi/4-c-ori/fsi-TiNi-13-600-Td.cif,structures/TiNi/4-c-ori/fsi-TiNi-13-600-Td.cif
fsi-TiNi-7-7-D2h-D2d,4-c,TiNi,ori,fsi,7,N7,7,TiNi/4-c-ori/fsi-TiNi-7-7-D2h-D2d.cif,structures/TiNi/4-c-ori/fsi-TiNi-7-7-D2h-D2d.cif
hea-TiNi-10-607-D2h-D2d,4-c,TiNi,ori,hea,10,N10,607,TiNi/4-c-ori/hea-TiNi-10-607-D2h-D2d.cif,structures/TiNi/4-c-ori/hea-TiNi-10-607-D2h-D2d.cif
hea-TiNi-11-662-D4h-T,4-c,TiNi,ori,hea,11,N11,662,TiNi/4-c-ori/hea-TiNi-11-662-D4h-T.cif,structures/TiNi/4-c-ori/hea-TiNi-11-662-D4h-T.cif
hea-TiNi-12-693-Td,4-c,TiNi,ori,hea,12,N12,693,TiNi/4-c-ori/hea-TiNi-12-693-Td.cif,structures/TiNi/4-c-ori/hea-TiNi-12-693-Td.cif
hea-TiNi-13-600-Td,4-c,TiNi,ori,hea,13,N13,600,TiNi/4-c-ori/hea-TiNi-13-600-Td.cif,structures/TiNi/4-c-ori/hea-TiNi-13-600-Td.cif
hea-TiNi-7-7-D2h-D2d,4-c,TiNi,ori,hea,7,N7,7,TiNi/4-c-ori/hea-TiNi-7-7-D2h-D2d.cif,structures/TiNi/4-c-ori/hea-TiNi-7-7-D2h-D2d.cif
stp-TiNi-1-445-D4h,4-c,TiNi,ori,stp,1,N1,445,TiNi/4-c-ori/stp-TiNi-1-445-D4h.cif,structures/TiNi/4-c-ori/stp-TiNi-1-445-D4h.cif
stp-TiNi-2-13-D4h,4-c,TiNi,ori,stp,2,N2,13,TiNi/4-c-ori/stp-TiNi-2-13-D4h.cif,structures/TiNi/4-c-ori/stp-TiNi-2-13-D4h.cif
ttp-TiNi-3-1-D2h,4-c,TiNi,ori,ttp,3,N3,1,TiNi/4-c-ori/ttp-TiNi-3-1-D2h.cif,structures/TiNi/4-c-ori/ttp-TiNi-3-1-D2h.cif
ttp-TiNi-8-644-D2h-D2d,4-c,TiNi,ori,ttp,8,N8,644,TiNi/4-c-ori/ttp-TiNi-8-644-D2h-D2d.cif,structures/TiNi/4-c-ori/ttp-TiNi-8-644-D2h-D2d.cif
ttp-TiNi-9-201-D2h-D2d,4-c,TiNi,ori,ttp,9,N9,201,TiNi/4-c-ori/ttp-TiNi-9-201-D2h-D2d.cif,structures/TiNi/4-c-ori/ttp-TiNi-9-201-D2h-D2d.cif
ttx-TiNi-4-12-D2h,4-c,TiNi,ori,ttx,4,N4,12,TiNi/4-c-ori/ttx-TiNi-4-12-D2h.cif,structures/TiNi/4-c-ori/ttx-TiNi-4-12-D2h.cif
ttx-TiNi-5-665-D2h,4-c,TiNi,ori,ttx,5,N5,665,TiNi/4-c-ori/ttx-TiNi-5-665-D2h.cif,structures/TiNi/4-c-ori/ttx-TiNi-5-665-D2h.cif
ttx-TiNi-6-614-D2h,4-c,TiNi,ori,ttx,6,N6,614,TiNi/4-c-ori/ttx-TiNi-6-614-D2h.cif,structures/TiNi/4-c-ori/ttx-TiNi-6-614-D2h.cif
txs-TiNi-10-607-D2h-D2d,4-c,TiNi,ori,txs,10,N10,607,TiNi/4-c-ori/txs-TiNi-10-607-D2h-D2d.cif,structures/TiNi/4-c-ori/txs-TiNi-10-607-D2h-D2d.cif
txs-TiNi-11-662-D4h-T,4-c,TiNi,ori,txs,11,N11,662,TiNi/4-c-ori/txs-TiNi-11-662-D4h-T.cif,structures/TiNi/4-c-ori/txs-TiNi-11-662-D4h-T.cif
txs-TiNi-12-693-Td,4-c,TiNi,ori,txs,12,N12,693,TiNi/4-c-ori/txs-TiNi-12-693-Td.cif,structures/TiNi/4-c-ori/txs-TiNi-12-693-Td.cif
txs-TiNi-13-600-Td,4-c,TiNi,ori,txs,13,N13,600,TiNi/4-c-ori/txs-TiNi-13-600-Td.cif,structures/TiNi/4-c-ori/txs-TiNi-13-600-Td.cif
txs-TiNi-7-7-D2h-D2d,4-c,TiNi,ori,txs,7,N7,7,TiNi/4-c-ori/txs-TiNi-7-7-D2h-D2d.cif,structures/TiNi/4-c-ori/txs-TiNi-7-7-D2h-D2d.cif
ceq-TiNi-TATB,3-c,TiNi,3-c,ceq,8,N8,TATB,TiNi/TATB/ceq-TiNi-TATB.cif,structures/TiNi/TATB/ceq-TiNi-TATB.cif
cml-TiNi-TATB,3-c,TiNi,3-c,cml,8,N8,TATB,TiNi/TATB/cml-TiNi-TATB.cif,structures/TiNi/TATB/cml-TiNi-TATB.cif
dag-TiNi-TATB,3-c,TiNi,3-c,dag,8,N8,TATB,TiNi/TATB/dag-TiNi-TATB.cif,structures/TiNi/TATB/dag-TiNi-TATB.cif
fmz-TiNi-TATB,3-c,TiNi,3-c,fmz,8,N8,TATB,TiNi/TATB/fmz-TiNi-TATB.cif,structures/TiNi/TATB/fmz-TiNi-TATB.cif
hwx-TiNi-TATB,3-c,TiNi,3-c,hwx,8,N8,TATB,TiNi/TATB/hwx-TiNi-TATB.cif,structures/TiNi/TATB/hwx-TiNi-TATB.cif
sab-TiNi-TATB,3-c,TiNi,3-c,sab,8,N8,TATB,TiNi/TATB/sab-TiNi-TATB.cif,structures/TiNi/TATB/sab-TiNi-TATB.cif
sit-TiNi-TATB,3-c,TiNi,3-c,sit,8,N8,TATB,TiNi/TATB/sit-TiNi-TATB.cif,structures/TiNi/TATB/sit-TiNi-TATB.cif
ydq-TiNi-TATB,3-c,TiNi,3-c,ydq,8,N8,TATB,TiNi/TATB/ydq-TiNi-TATB.cif,structures/TiNi/TATB/ydq-TiNi-TATB.cif
