metal_node,file,sha256,bytes,temperature_K,pressure_bar
TiCo,h2.json,605f92ff211679abf739834cbb865a8f2df21c505b7d6d2ab203084ad410f1d1,184,77,5
TiCo,force_field.json,98a2bffcfaeb6d6bb769d0f030efa3b10ce8841fc497fd089ba5f95f1b08e0b7,4791,77,5
TiCo,simulation.json,cde1dc7290477d6b26ec17e2ae77c2470568c77bf9d406682f807f45065e5e53,898,77,5
TiCo,ceq-TiCo-N19-N2-3c-D3h.cif,ff2cccf1f8fac7c17e5a0e4e4c69220bace6fbc153e863995f66b564a0aaba62,95698,77,5
TiMg,h2.json,605f92ff211679abf739834cbb865a8f2df21c505b7d6d2ab203084ad410f1d1,184,77,5
TiMg,force_field.json,dae80ea7e2f733758fa1efc605ce5d433a293e6fcf8c0290c85569ed4726d1c9,5191,77,5
TiMg,simulation.json,76a3a611979880fa8febbcafadb9e2a65cf923640e420c6a761ada7933f48a14,898,77,5
TiMg,ceq-TiMg-N19-N2-3c-D3h.cif,f2cd563aa9adb62df114e7fd53d5ac0ded04c3a405304ee506c106405accc22b,95698,77,5
TiNi,h2.json,605f92ff211679abf739834cbb865a8f2df21c505b7d6d2ab203084ad410f1d1,184,77,5
TiNi,force_field.json,9db9d8526fb76493ea7721ccf18d78aede26f6729aff132928abdaf94a37c5c0,5190,77,5
TiNi,simulation.json,07a99005d3c9f9b05a98958d76bf8a9ddf3155fb0f63f56c14158bdc8c2fa35a,898,77,5
TiNi,ceq-TiNi-N19-N2-3c-D3h.cif,5ae62f11fb5401f21b86d82666b90297d4922ffcaac3ce0abeb962cb89513164,95698,77,5
