relative_path	bytes	sha256
data/KISTI_adsorption_overall_summary_v4.csv	1386386	053c965957e2e79e30c9ee9be1bae1912468a285b875f8f08336979f3e13e0a6
data/KISTI_adsorption_overall_summary_v5.csv	1394882	4ad18e4ccba696bbd3e9dd39b679472ce7d94424e17a38b63564bb75e582abb7
data/zeopp_H2_complete_584_new_names.csv	190266	bb4f3dacfee82a7abdcc197e57782aa633cf6864ffb87320578c37416472a5d2
raw/2round (1).zip	1027381956	f1465aec614cde1771689ddad4e46f344dfd555e568282c9aae4a7b59b564032
raw/2round/2round_1.zip	967262753	7911a5b069b629bf5f154e0973a83dfd688a6d6cb61163ebca285fbaef541d8a
raw/SI.zip	1111112665	188b1d81d44643dc24e8aa5349d829867628aed03a974dba0bf2fbce1bab9a34
raw/need-rerun.zip	79671242	3132082a61377fcbf9dc1cef7d192700709493f41619787eba27968e248bcec9
raw/results/120.zip	1208627994	70cd735c6982fc81ed83b437c3ffb8306c55250628215360c485acf9015dfdb2
raw/results/160.zip	1140644545	51be00ca04a4d778c5ad31477075bb7459a0e2aa44f5b2c68c9287977d623ab5
raw/results/200.zip	1113116106	bdf1fc849b9684caca55ea535f42f2c2f25dfd0a070b3bf03a3d957b28472071
raw/results/233.zip	988200639	9bfc463cd23933ec779af84dfaf6b1c95ebdc5b4f8db0ea7fff8c53763e0a6a7
raw/results/253.zip	1017118212	0f4050d84cb9871beead761d75f89808095f5b4a16641b7518651cecd10821bf
raw/results/273.zip	994142675	3c09dc217abb7423e5f0c78b6da0c1f54058cd87c35bbd8eed874a386221094e
raw/results/298.zip	990989202	fe0cb4963893feaa0d90d36b47973f205e4d10b69effedb2e2fa2d3e298a2286
raw/results/77.zip	1506665588	dc6cc2b445c0352ed857e1a69921c4fec5caa2ba15e4dbec6f1dbbc6a4551a12
raw/stp.zip	188960574	d7cd5837aa0b70935faf8033e4fff4ca1f2eb05ad409bbf2adec4d6606bdebe9
raw/stp_incomplete.zip	1358053	608e62ec0be0649cdae6def54d7f998305778b636df15ee03ce80f87b7d6430a
raw/ydq_incomplete.zip	72193062	ec305f23051f277a2f83dd9c86f4df09c7b6c343f614b6827e07d1f6087d962d
