bb_name,connectivity,point_group,point_group_tolerance,x_count,atom_count_excluding_X,cml,dag,ceq,fmz,hwx,sab,sit,ydq,hea,stp,fsi,txs,compatible_topologies,matched_topology_count,multi_vertex_match_details,source_database,file_path
N10,3-c,D3h,0.3,3,9,yes,yes,yes,yes,yes,yes,yes,yes,no,no,no,no,cml;dag;ceq;fmz;hwx;sab;sit;ydq,8,,pormake,construct/pormake/bbsp/3-c/N10.xyz
N19,3-c,D3h,0.3,3,6,yes,yes,yes,yes,yes,yes,yes,yes,no,no,no,no,cml;dag;ceq;fmz;hwx;sab;sit;ydq,8,,pormake,construct/pormake/bbsp/3-c/N19.xyz
N20,3-c,D3h,0.3,3,19,yes,yes,yes,yes,yes,yes,yes,yes,no,no,no,no,cml;dag;ceq;fmz;hwx;sab;sit;ydq,8,,pormake,construct/pormake/bbsp/3-c/N20.xyz
TAPT,3-c,D2,0.3,3,39,yes,no,no,yes,no,yes,no,no,no,no,no,no,cml;fmz;sab,3,,PubChem,construct/pormake/bbsp/newbb/3-c/TAPT.xyz
BDBA,3-c,C1,0.3,3,42,yes,no,no,yes,no,yes,no,no,no,no,no,no,cml;fmz;sab,3,,PubChem,construct/pormake/bbsp/newbb/3-c/BDBA.xyz
TFPT,3-c,C1,0.3,3,45,yes,no,no,yes,no,yes,no,no,no,no,no,no,cml;fmz;sab,3,,PubChem,construct/pormake/bbsp/newbb/3-c/TFPT.xyz
N225,3-c,C1,0.3,3,18,yes,no,no,yes,no,yes,no,no,no,no,no,no,cml;fmz;sab,3,,pormake,construct/pormake/bbsp/3-c/N225.xyz
N1,4-c,D2h,0.3,4,22,no,no,no,no,no,no,no,no,yes,yes,yes,yes,hea;stp;fsi;txs,4,fsi=V1:D2|V2:C2,pormake,construct/pormake/bbsp/4-c/N1.xyz
N13,4-c,D2h,0.3,4,34,no,no,no,no,no,no,no,no,yes,yes,yes,yes,hea;stp;fsi;txs,4,fsi=V1:D2|V2:C2,pormake,construct/pormake/bbsp/4-c/N13.xyz
N4,4-c,D2h,0.3,4,8,no,no,no,no,no,no,no,no,yes,yes,yes,yes,hea;stp;fsi;txs,4,fsi=V1:D2|V2:C2,pormake,construct/pormake/bbsp/4-c/N4.xyz
TPE4Pz,4-c,C2h,0.3,4,70,no,no,no,no,no,no,no,no,yes,no,yes,yes,hea;fsi;txs,3,fsi=V2:C2,PubChem,construct/pormake/bbsp/newbb/4-c/TPE4Pz.xyz
TAPM,4-c,Cs,0.3,4,45,no,no,no,no,no,no,no,no,no,no,no,no,,0,,PubChem,construct/pormake/bbsp/newbb/4-c/TAPM.xyz
