new_name,original_name,original_path,category,connectivity,shape_class,expected_point_group,detected_without_Xe_tol0.3,detected_with_connection_sites_tol0.3,without_Xe_tol0.1,without_Xe_tol0.2,without_Xe_tol0.5,with_connection_tol0.1,with_connection_tol0.2,with_connection_tol0.5,x_count,atom_count_excluding_Xe,match_expected_without_Xe,match_expected_with_connection_sites,needs_preoptimization_before_final_use,expected_source_txt
N1-3c-D3h.xyz,N10.xyz,3-c/N10.xyz,3-c,3c,trigonal,D3h,D3h,D3h,D3h,D3h,D3h,D3h,D3h,D6h,3,9,exact,exact,no,3-c/3-c-node_D3h-C3h-C3v-D3-C3.txt
N2-3c-D3h.xyz,N19.xyz,3-c/N19.xyz,3-c,3c,trigonal,D3h,D3h,D3h,D3h,D3h,D3h,D3h,D3h,D3h,3,6,exact,exact,no,3-c/3-c-node_D3h-C3h-C3v-D3-C3.txt
N3-3c-D3h.xyz,N20.xyz,3-c/N20.xyz,3-c,3c,trigonal,D3h,D3h,D3h,D3h,D3h,D3h,D3h,D3h,D3h,3,19,exact,exact,no,3-c/3-c-node_D3h-C3h-C3v-D3-C3.txt
N4-3c-D3h.xyz,N225.xyz,3-c/N225.xyz,3-c,3c,trigonal,D3h,C1,C1,C1,C1,Cs,C1,C1,Cs,3,18,mismatch,mismatch,yes,3-c/3-c-node_D3h-C3h-C3v-D3-C3.txt
N5-3c-D3h.xyz,N386.xyz,3-c/N386.xyz,3-c,3c,trigonal,D3h,C1,C1,C1,C1,C1,C1,C1,C1,3,45,mismatch,mismatch,yes,3-c/3-c-node_D3h-C3h-C3v-D3-C3.txt
N6-3c-D3h.xyz,N592.xyz,3-c/N592.xyz,3-c,3c,trigonal,D3h,C3,C1,C3,C3,C3,C1,C1,C1,3,78,mismatch,mismatch,yes,3-c/3-c-node_D3h-C3h-C3v-D3-C3.txt
N7-3c-D3h.xyz,N639.xyz,3-c/N639.xyz,3-c,3c,trigonal,D3h,C3h,C3h,C3,C3h,C3h,C3,C3,C3h,3,27,mismatch,mismatch,yes,3-c/3-c-node_D3h-C3h-C3v-D3-C3.txt
N8-3c-D3.xyz,N333.xyz,3-c/N333.xyz,3-c,3c,trigonal,D3,C1,C1,C1,C1,C1,C1,C1,C1,3,32,mismatch,mismatch,yes,3-c/3-c-node_D3h-C3h-C3v-D3-C3.txt
N9-3c-D3.xyz,N410.xyz,3-c/N410.xyz,3-c,3c,trigonal,D3,D3,C1,C3,D3,D3,C1,C1,C1,3,31,exact,mismatch,no,3-c/3-c-node_D3h-C3h-C3v-D3-C3.txt
N10-3c-C3v.xyz,N130.xyz,3-c/N130.xyz,3-c,3c,trigonal,C3v,Cs,D1d,Cs,Cs,C3v,D1d,D1d,D1d,3,22,tolerance_sensitive,mismatch,yes,3-c/3-c-node_D3h-C3h-C3v-D3-C3.txt
N11-3c-C3h.xyz,N126.xyz,3-c/N126.xyz,3-c,3c,trigonal,C3h,C3,C3,C3,C3,C3,C3,C3,C3,3,51,mismatch,mismatch,yes,3-c/3-c-node_D3h-C3h-C3v-D3-C3.txt
N24-3c-C3.xyz,N516.xyz,3-c/N516.xyz,3-c,3c,trigonal,C3,C1,C1,C1,C1,C1,C1,C1,C1,3,33,mismatch,mismatch,yes,3-c/3-c-node_D3h-C3h-C3v-D3-C3.txt
N12-4c-D4h.xyz,N13.xyz,4-c-flat/N13.xyz,4-c-flat,4c,flat,D4h,D2h,D2h,D2h,D2h,D2h,D2h,D2h,D2h,4,34,mismatch,mismatch,yes,4-c-flat/4-c-node_D4h-D2h.txt
N13-4c-D4h.xyz,N445.xyz,4-c-flat/N445.xyz,4-c-flat,4c,flat,D4h,D2h,Ci,C2,C2h,D2h,C1,Ci,C2v,4,33,mismatch,mismatch,yes,4-c-flat/4-c-node_D4h-D2h.txt
N14-4c-D2h.xyz,N1.xyz,4-c-flat/N1.xyz,4-c-flat,4c,flat,D2h,D2h,D2h,D2h,D2h,D2h,D2h,D2h,D2h,4,22,exact,exact,no,4-c-flat/4-c-node_D4h-D2h.txt
N15-4c-D2h.xyz,N12.xyz,4-c-flat/N12.xyz,4-c-flat,4c,flat,D2h,D2h,D2h,D2h,D2h,D2h,D2h,D2h,D2h,4,42,exact,exact,no,4-c-flat/4-c-node_D4h-D2h.txt
N16-4c-D2h.xyz,N201.xyz,4-c-flat/N201.xyz,4-c-flat,4c,flat,D2h,C1,C1,C1,C1,C1,C1,C1,C1,4,48,mismatch,mismatch,yes,4-c-flat/4-c-node_D4h-D2h.txt
N17-4c-D2h.xyz,N614.xyz,4-c-flat/N614.xyz,4-c-flat,4c,flat,D2h,C2h,C2h,C2,C2,C2h,C2,C2,C2h,4,62,mismatch,mismatch,yes,4-c-flat/4-c-node_D4h-D2h.txt
N18-4c-D2h.xyz,N644.xyz,4-c-flat/N644.xyz,4-c-flat,4c,flat,D2h,D2h,C2h,D2h,D2h,D2h,Ci,Ci,D2h,4,20,exact,tolerance_sensitive,no,4-c-flat/4-c-node_D4h-D2h.txt
N19-4c-D2h.xyz,N665.xyz,4-c-flat/N665.xyz,4-c-flat,4c,flat,D2h,Ci,Ci,Ci,Ci,C2h,Ci,Ci,Ci,4,48,mismatch,mismatch,yes,4-c-flat/4-c-node_D4h-D2h.txt
N20-4c-Td.xyz,N600.xyz,4-c-Td/N600.xyz,4-c-Td,4c,tetrahedral,Td,D2d,D2d,D2d,D2d,D2d,D2d,D2d,D2d,4,41,mismatch,mismatch,yes,4-c-Td/4-c-node_Td-D2d.txt
N21-4c-Td.xyz,N662.xyz,4-c-Td/N662.xyz,4-c-Td,4c,tetrahedral,Td,C1,C1,C1,C1,C1,C1,C1,C1,4,97,mismatch,mismatch,yes,4-c-Td/4-c-node_Td-D2d.txt
N22-4c-Td.xyz,N693.xyz,4-c-Td/N693.xyz,4-c-Td,4c,tetrahedral,Td,Td,Td,Td,Td,Td,Td,Td,ERR,4,22,exact,exact,no,4-c-Td/4-c-node_Td-D2d.txt
N23-4c-D2d.xyz,N607.xyz,4-c-Td/N607.xyz,4-c-Td,4c,tetrahedral,D2d,D2,C2,D2,D2,D2,C2,C2,D2,4,52,mismatch,mismatch,yes,4-c-Td/4-c-node_Td-D2d.txt
N25-4c-D2d.xyz,N7.xyz,4-c-Td/N7.xyz,4-c-Td,4c,tetrahedral,D2d,D2,D2,C2,D2,D2d,C2,D2,D2d,4,18,mismatch,mismatch,yes,4-c-Td/4-c-node_Td-D2d.txt
