current_basename,basename,connectivity,topology,organic_linker,metal_node,design_library_member,completed_conditions,complete_all_16_conditions,complete_temperatures,missing_conditions,all_zeopp_outputs_complete,complete_three_metal_combo
ceq-TiCo-1-10,ceq-TiCo-N10-N1-3c-D3h,"3,6",ceq,N10,TiCo,True,16,True,"77,120,160,200,233,253,273,298",,True,True
ceq-TiCo-13-126,ceq-TiCo-N126-N11-3c-C3h,"3,6",ceq,N126,TiCo,True,16,True,"77,120,160,200,233,253,273,298",,True,True
ceq-TiCo-9-130,ceq-TiCo-N130-N10-3c-C3v,"3,6",ceq,N130,TiCo,True,16,True,"77,120,160,200,233,253,273,298",,True,True
ceq-TiCo-2-19,ceq-TiCo-N19-N2-3c-D3h,"3,6",ceq,N19,TiCo,True,16,True,"77,120,160,200,233,253,273,298",,True,True
ceq-TiCo-3-20,ceq-TiCo-N20-N3-3c-D3h,"3,6",ceq,N20,TiCo,True,16,True,"77,120,160,200,233,253,273,298",,True,True
ceq-TiCo-6-225,ceq-TiCo-N225-N4-3c-D3h,"3,6",ceq,N225,TiCo,True,16,True,"77,120,160,200,233,253,273,298",,True,True
ceq-TiCo-10-333,ceq-TiCo-N333-N8-3c-D3,"3,6",ceq,N333,TiCo,True,16,True,"77,120,160,200,233,253,273,298",,True,True
ceq-TiCo-5-386,ceq-TiCo-N386-N5-3c-D3h,"3,6",ceq,N386,TiCo,True,16,True,"77,120,160,200,233,253,273,298",,True,True
ceq-TiCo-4-410,ceq-TiCo-N410-N9-3c-D3,"3,6",ceq,N410,TiCo,True,16,True,"77,120,160,200,233,253,273,298",,True,True
ceq-TiCo-11-516,ceq-TiCo-N516-N24-3c-C3,"3,6",ceq,N516,TiCo,True,16,True,"77,120,160,200,233,253,273,298",,True,True
ceq-TiCo-7-592,ceq-TiCo-N592-N6-3c-D3h,"3,6",ceq,N592,TiCo,True,16,True,"77,120,160,200,233,253,273,298",,True,True
ceq-TiCo-12-639,ceq-TiCo-N639-N7-3c-D3h,"3,6",ceq,N639,TiCo,True,16,True,"77,120,160,200,233,253,273,298",,True,True
ceq-TiCo-TATB,ceq-TiCo-TATB,"3,6",ceq,TATB,TiCo,True,15,False,"77,120,160,200,233,253,273,298",77K/100bar,True,False
ceq-TiMg-1-10,ceq-TiMg-N10-N1-3c-D3h,"3,6",ceq,N10,TiMg,True,16,True,"77,120,160,200,233,253,273,298",,True,True
ceq-TiMg-13-126,ceq-TiMg-N126-N11-3c-C3h,"3,6",ceq,N126,TiMg,True,16,True,"77,120,160,200,233,253,273,298",,True,True
ceq-TiMg-9-130,ceq-TiMg-N130-N10-3c-C3v,"3,6",ceq,N130,TiMg,True,16,True,"77,120,160,200,233,253,273,298",,True,True
ceq-TiMg-2-19,ceq-TiMg-N19-N2-3c-D3h,"3,6",ceq,N19,TiMg,True,16,True,"77,120,160,200,233,253,273,298",,True,True
ceq-TiMg-3-20,ceq-TiMg-N20-N3-3c-D3h,"3,6",ceq,N20,TiMg,True,16,True,"77,120,160,200,233,253,273,298",,True,True
ceq-TiMg-6-225,ceq-TiMg-N225-N4-3c-D3h,"3,6",ceq,N225,TiMg,True,16,True,"77,120,160,200,233,253,273,298",,True,True
ceq-TiMg-10-333,ceq-TiMg-N333-N8-3c-D3,"3,6",ceq,N333,TiMg,True,16,True,"77,120,160,200,233,253,273,298",,True,True
ceq-TiMg-5-386,ceq-TiMg-N386-N5-3c-D3h,"3,6",ceq,N386,TiMg,True,16,True,"77,120,160,200,233,253,273,298",,True,True
ceq-TiMg-4-410,ceq-TiMg-N410-N9-3c-D3,"3,6",ceq,N410,TiMg,True,16,True,"77,120,160,200,233,253,273,298",,True,True
ceq-TiMg-11-516,ceq-TiMg-N516-N24-3c-C3,"3,6",ceq,N516,TiMg,True,16,True,"77,120,160,200,233,253,273,298",,True,True
ceq-TiMg-7-592,ceq-TiMg-N592-N6-3c-D3h,"3,6",ceq,N592,TiMg,True,16,True,"77,120,160,200,233,253,273,298",,True,True
ceq-TiMg-12-639,ceq-TiMg-N639-N7-3c-D3h,"3,6",ceq,N639,TiMg,True,16,True,"77,120,160,200,233,253,273,298",,True,True
ceq-TiMg-TATB,ceq-TiMg-TATB,"3,6",ceq,TATB,TiMg,True,15,False,"77,120,160,200,233,253,273,298",77K/100bar,True,False
ceq-TiNi-1-10,ceq-TiNi-N10-N1-3c-D3h,"3,6",ceq,N10,TiNi,True,16,True,"77,120,160,200,233,253,273,298",,True,True
ceq-TiNi-13-126,ceq-TiNi-N126-N11-3c-C3h,"3,6",ceq,N126,TiNi,True,16,True,"77,120,160,200,233,253,273,298",,True,True
ceq-TiNi-9-130,ceq-TiNi-N130-N10-3c-C3v,"3,6",ceq,N130,TiNi,True,16,True,"77,120,160,200,233,253,273,298",,True,True
ceq-TiNi-2-19,ceq-TiNi-N19-N2-3c-D3h,"3,6",ceq,N19,TiNi,True,16,True,"77,120,160,200,233,253,273,298",,True,True
ceq-TiNi-3-20,ceq-TiNi-N20-N3-3c-D3h,"3,6",ceq,N20,TiNi,True,16,True,"77,120,160,200,233,253,273,298",,True,True
ceq-TiNi-6-225,ceq-TiNi-N225-N4-3c-D3h,"3,6",ceq,N225,TiNi,True,16,True,"77,120,160,200,233,253,273,298",,True,True
ceq-TiNi-10-333,ceq-TiNi-N333-N8-3c-D3,"3,6",ceq,N333,TiNi,True,16,True,"77,120,160,200,233,253,273,298",,True,True
ceq-TiNi-5-386,ceq-TiNi-N386-N5-3c-D3h,"3,6",ceq,N386,TiNi,True,16,True,"77,120,160,200,233,253,273,298",,True,True
ceq-TiNi-4-410,ceq-TiNi-N410-N9-3c-D3,"3,6",ceq,N410,TiNi,True,16,True,"77,120,160,200,233,253,273,298",,True,True
ceq-TiNi-11-516,ceq-TiNi-N516-N24-3c-C3,"3,6",ceq,N516,TiNi,True,16,True,"77,120,160,200,233,253,273,298",,True,True
ceq-TiNi-7-592,ceq-TiNi-N592-N6-3c-D3h,"3,6",ceq,N592,TiNi,True,16,True,"77,120,160,200,233,253,273,298",,True,True
ceq-TiNi-12-639,ceq-TiNi-N639-N7-3c-D3h,"3,6",ceq,N639,TiNi,True,16,True,"77,120,160,200,233,253,273,298",,True,True
ceq-TiNi-TATB,ceq-TiNi-TATB,"3,6",ceq,TATB,TiNi,True,14,False,"77,120,160,200,233,253,273,298",77K/100bar;120K/100bar,True,False
cml-TiCo-1-10,cml-TiCo-N10-N1-3c-D3h,"3,6",cml,N10,TiCo,True,16,True,"77,120,160,200,233,253,273,298",,True,True
cml-TiCo-13-126,cml-TiCo-N126-N11-3c-C3h,"3,6",cml,N126,TiCo,True,16,True,"77,120,160,200,233,253,273,298",,True,True
cml-TiCo-9-130,cml-TiCo-N130-N10-3c-C3v,"3,6",cml,N130,TiCo,True,16,True,"77,120,160,200,233,253,273,298",,True,True
cml-TiCo-2-19,cml-TiCo-N19-N2-3c-D3h,"3,6",cml,N19,TiCo,True,16,True,"77,120,160,200,233,253,273,298",,True,True
cml-TiCo-3-20,cml-TiCo-N20-N3-3c-D3h,"3,6",cml,N20,TiCo,True,16,True,"77,120,160,200,233,253,273,298",,True,True
cml-TiCo-6-225,cml-TiCo-N225-N4-3c-D3h,"3,6",cml,N225,TiCo,True,16,True,"77,120,160,200,233,253,273,298",,True,True
cml-TiCo-10-333,cml-TiCo-N333-N8-3c-D3,"3,6",cml,N333,TiCo,True,16,True,"77,120,160,200,233,253,273,298",,True,True
cml-TiCo-5-386,cml-TiCo-N386-N5-3c-D3h,"3,6",cml,N386,TiCo,True,16,True,"77,120,160,200,233,253,273,298",,True,True
cml-TiCo-4-410,cml-TiCo-N410-N9-3c-D3,"3,6",cml,N410,TiCo,True,16,True,"77,120,160,200,233,253,273,298",,True,True
cml-TiCo-11-516,cml-TiCo-N516-N24-3c-C3,"3,6",cml,N516,TiCo,True,16,True,"77,120,160,200,233,253,273,298",,True,True
cml-TiCo-7-592,cml-TiCo-N592-N6-3c-D3h,"3,6",cml,N592,TiCo,True,16,True,"77,120,160,200,233,253,273,298",,True,True
cml-TiCo-12-639,cml-TiCo-N639-N7-3c-D3h,"3,6",cml,N639,TiCo,True,16,True,"77,120,160,200,233,253,273,298",,True,True
cml-TiCo-TATB,cml-TiCo-TATB,"3,6",cml,TATB,TiCo,True,16,True,"77,120,160,200,233,253,273,298",,True,True
cml-TiMg-1-10,cml-TiMg-N10-N1-3c-D3h,"3,6",cml,N10,TiMg,True,16,True,"77,120,160,200,233,253,273,298",,True,True
cml-TiMg-13-126,cml-TiMg-N126-N11-3c-C3h,"3,6",cml,N126,TiMg,True,16,True,"77,120,160,200,233,253,273,298",,True,True
cml-TiMg-9-130,cml-TiMg-N130-N10-3c-C3v,"3,6",cml,N130,TiMg,True,16,True,"77,120,160,200,233,253,273,298",,True,True
cml-TiMg-2-19,cml-TiMg-N19-N2-3c-D3h,"3,6",cml,N19,TiMg,True,16,True,"77,120,160,200,233,253,273,298",,True,True
cml-TiMg-3-20,cml-TiMg-N20-N3-3c-D3h,"3,6",cml,N20,TiMg,True,16,True,"77,120,160,200,233,253,273,298",,True,True
cml-TiMg-6-225,cml-TiMg-N225-N4-3c-D3h,"3,6",cml,N225,TiMg,True,16,True,"77,120,160,200,233,253,273,298",,True,True
cml-TiMg-10-333,cml-TiMg-N333-N8-3c-D3,"3,6",cml,N333,TiMg,True,16,True,"77,120,160,200,233,253,273,298",,True,True
cml-TiMg-5-386,cml-TiMg-N386-N5-3c-D3h,"3,6",cml,N386,TiMg,True,16,True,"77,120,160,200,233,253,273,298",,True,True
cml-TiMg-4-410,cml-TiMg-N410-N9-3c-D3,"3,6",cml,N410,TiMg,True,16,True,"77,120,160,200,233,253,273,298",,True,True
cml-TiMg-11-516,cml-TiMg-N516-N24-3c-C3,"3,6",cml,N516,TiMg,True,16,True,"77,120,160,200,233,253,273,298",,True,True
cml-TiMg-7-592,cml-TiMg-N592-N6-3c-D3h,"3,6",cml,N592,TiMg,True,16,True,"77,120,160,200,233,253,273,298",,True,True
cml-TiMg-12-639,cml-TiMg-N639-N7-3c-D3h,"3,6",cml,N639,TiMg,True,16,True,"77,120,160,200,233,253,273,298",,True,True
cml-TiMg-TATB,cml-TiMg-TATB,"3,6",cml,TATB,TiMg,True,16,True,"77,120,160,200,233,253,273,298",,True,True
cml-TiNi-1-10,cml-TiNi-N10-N1-3c-D3h,"3,6",cml,N10,TiNi,True,16,True,"77,120,160,200,233,253,273,298",,True,True
cml-TiNi-13-126,cml-TiNi-N126-N11-3c-C3h,"3,6",cml,N126,TiNi,True,16,True,"77,120,160,200,233,253,273,298",,True,True
cml-TiNi-9-130,cml-TiNi-N130-N10-3c-C3v,"3,6",cml,N130,TiNi,True,16,True,"77,120,160,200,233,253,273,298",,True,True
cml-TiNi-2-19,cml-TiNi-N19-N2-3c-D3h,"3,6",cml,N19,TiNi,True,16,True,"77,120,160,200,233,253,273,298",,True,True
cml-TiNi-3-20,cml-TiNi-N20-N3-3c-D3h,"3,6",cml,N20,TiNi,True,16,True,"77,120,160,200,233,253,273,298",,True,True
cml-TiNi-6-225,cml-TiNi-N225-N4-3c-D3h,"3,6",cml,N225,TiNi,True,16,True,"77,120,160,200,233,253,273,298",,True,True
cml-TiNi-10-333,cml-TiNi-N333-N8-3c-D3,"3,6",cml,N333,TiNi,True,16,True,"77,120,160,200,233,253,273,298",,True,True
cml-TiNi-5-386,cml-TiNi-N386-N5-3c-D3h,"3,6",cml,N386,TiNi,True,16,True,"77,120,160,200,233,253,273,298",,True,True
cml-TiNi-4-410,cml-TiNi-N410-N9-3c-D3,"3,6",cml,N410,TiNi,True,16,True,"77,120,160,200,233,253,273,298",,True,True
cml-TiNi-11-516,cml-TiNi-N516-N24-3c-C3,"3,6",cml,N516,TiNi,True,16,True,"77,120,160,200,233,253,273,298",,True,True
cml-TiNi-7-592,cml-TiNi-N592-N6-3c-D3h,"3,6",cml,N592,TiNi,True,16,True,"77,120,160,200,233,253,273,298",,True,True
cml-TiNi-12-639,cml-TiNi-N639-N7-3c-D3h,"3,6",cml,N639,TiNi,True,16,True,"77,120,160,200,233,253,273,298",,True,True
cml-TiNi-TATB,cml-TiNi-TATB,"3,6",cml,TATB,TiNi,True,16,True,"77,120,160,200,233,253,273,298",,True,True
dag-TiCo-1-10,dag-TiCo-N10-N1-3c-D3h,"3,6",dag,N10,TiCo,True,16,True,"77,120,160,200,233,253,273,298",,True,True
dag-TiCo-13-126,dag-TiCo-N126-N11-3c-C3h,"3,6",dag,N126,TiCo,True,16,True,"77,120,160,200,233,253,273,298",,True,True
dag-TiCo-9-130,dag-TiCo-N130-N10-3c-C3v,"3,6",dag,N130,TiCo,True,16,True,"77,120,160,200,233,253,273,298",,True,True
dag-TiCo-2-19,dag-TiCo-N19-N2-3c-D3h,"3,6",dag,N19,TiCo,True,16,True,"77,120,160,200,233,253,273,298",,True,True
dag-TiCo-3-20,dag-TiCo-N20-N3-3c-D3h,"3,6",dag,N20,TiCo,True,16,True,"77,120,160,200,233,253,273,298",,True,True
dag-TiCo-6-225,dag-TiCo-N225-N4-3c-D3h,"3,6",dag,N225,TiCo,True,16,True,"77,120,160,200,233,253,273,298",,True,True
dag-TiCo-10-333,dag-TiCo-N333-N8-3c-D3,"3,6",dag,N333,TiCo,True,16,True,"77,120,160,200,233,253,273,298",,True,True
dag-TiCo-5-386,dag-TiCo-N386-N5-3c-D3h,"3,6",dag,N386,TiCo,True,16,True,"77,120,160,200,233,253,273,298",,True,True
dag-TiCo-4-410,dag-TiCo-N410-N9-3c-D3,"3,6",dag,N410,TiCo,True,16,True,"77,120,160,200,233,253,273,298",,True,True
dag-TiCo-11-516,dag-TiCo-N516-N24-3c-C3,"3,6",dag,N516,TiCo,True,16,True,"77,120,160,200,233,253,273,298",,True,True
dag-TiCo-7-592,dag-TiCo-N592-N6-3c-D3h,"3,6",dag,N592,TiCo,True,16,True,"77,120,160,200,233,253,273,298",,True,True
dag-TiCo-12-639,dag-TiCo-N639-N7-3c-D3h,"3,6",dag,N639,TiCo,True,16,True,"77,120,160,200,233,253,273,298",,True,True
dag-TiCo-TATB,dag-TiCo-TATB,"3,6",dag,TATB,TiCo,True,16,True,"77,120,160,200,233,253,273,298",,True,True
dag-TiMg-1-10,dag-TiMg-N10-N1-3c-D3h,"3,6",dag,N10,TiMg,True,16,True,"77,120,160,200,233,253,273,298",,True,True
dag-TiMg-13-126,dag-TiMg-N126-N11-3c-C3h,"3,6",dag,N126,TiMg,True,16,True,"77,120,160,200,233,253,273,298",,True,True
dag-TiMg-9-130,dag-TiMg-N130-N10-3c-C3v,"3,6",dag,N130,TiMg,True,16,True,"77,120,160,200,233,253,273,298",,True,True
dag-TiMg-2-19,dag-TiMg-N19-N2-3c-D3h,"3,6",dag,N19,TiMg,True,16,True,"77,120,160,200,233,253,273,298",,True,True
dag-TiMg-3-20,dag-TiMg-N20-N3-3c-D3h,"3,6",dag,N20,TiMg,True,16,True,"77,120,160,200,233,253,273,298",,True,True
dag-TiMg-6-225,dag-TiMg-N225-N4-3c-D3h,"3,6",dag,N225,TiMg,True,16,True,"77,120,160,200,233,253,273,298",,True,True
dag-TiMg-10-333,dag-TiMg-N333-N8-3c-D3,"3,6",dag,N333,TiMg,True,16,True,"77,120,160,200,233,253,273,298",,True,True
dag-TiMg-5-386,dag-TiMg-N386-N5-3c-D3h,"3,6",dag,N386,TiMg,True,16,True,"77,120,160,200,233,253,273,298",,True,True
dag-TiMg-4-410,dag-TiMg-N410-N9-3c-D3,"3,6",dag,N410,TiMg,True,16,True,"77,120,160,200,233,253,273,298",,True,True
dag-TiMg-11-516,dag-TiMg-N516-N24-3c-C3,"3,6",dag,N516,TiMg,True,16,True,"77,120,160,200,233,253,273,298",,True,True
dag-TiMg-7-592,dag-TiMg-N592-N6-3c-D3h,"3,6",dag,N592,TiMg,True,16,True,"77,120,160,200,233,253,273,298",,True,True
dag-TiMg-12-639,dag-TiMg-N639-N7-3c-D3h,"3,6",dag,N639,TiMg,True,16,True,"77,120,160,200,233,253,273,298",,True,True
dag-TiMg-TATB,dag-TiMg-TATB,"3,6",dag,TATB,TiMg,True,16,True,"77,120,160,200,233,253,273,298",,True,True
dag-TiNi-1-10,dag-TiNi-N10-N1-3c-D3h,"3,6",dag,N10,TiNi,True,16,True,"77,120,160,200,233,253,273,298",,True,True
dag-TiNi-13-126,dag-TiNi-N126-N11-3c-C3h,"3,6",dag,N126,TiNi,True,16,True,"77,120,160,200,233,253,273,298",,True,True
dag-TiNi-9-130,dag-TiNi-N130-N10-3c-C3v,"3,6",dag,N130,TiNi,True,16,True,"77,120,160,200,233,253,273,298",,True,True
dag-TiNi-2-19,dag-TiNi-N19-N2-3c-D3h,"3,6",dag,N19,TiNi,True,16,True,"77,120,160,200,233,253,273,298",,True,True
dag-TiNi-3-20,dag-TiNi-N20-N3-3c-D3h,"3,6",dag,N20,TiNi,True,16,True,"77,120,160,200,233,253,273,298",,True,True
dag-TiNi-6-225,dag-TiNi-N225-N4-3c-D3h,"3,6",dag,N225,TiNi,True,16,True,"77,120,160,200,233,253,273,298",,True,True
dag-TiNi-10-333,dag-TiNi-N333-N8-3c-D3,"3,6",dag,N333,TiNi,True,16,True,"77,120,160,200,233,253,273,298",,True,True
dag-TiNi-5-386,dag-TiNi-N386-N5-3c-D3h,"3,6",dag,N386,TiNi,True,16,True,"77,120,160,200,233,253,273,298",,True,True
dag-TiNi-4-410,dag-TiNi-N410-N9-3c-D3,"3,6",dag,N410,TiNi,True,16,True,"77,120,160,200,233,253,273,298",,True,True
dag-TiNi-11-516,dag-TiNi-N516-N24-3c-C3,"3,6",dag,N516,TiNi,True,16,True,"77,120,160,200,233,253,273,298",,True,True
dag-TiNi-7-592,dag-TiNi-N592-N6-3c-D3h,"3,6",dag,N592,TiNi,True,16,True,"77,120,160,200,233,253,273,298",,True,True
dag-TiNi-12-639,dag-TiNi-N639-N7-3c-D3h,"3,6",dag,N639,TiNi,True,16,True,"77,120,160,200,233,253,273,298",,True,True
dag-TiNi-TATB,dag-TiNi-TATB,"3,6",dag,TATB,TiNi,True,16,True,"77,120,160,200,233,253,273,298",,True,True
fmz-TiCo-1-10,fmz-TiCo-N10-N1-3c-D3h,"3,6",fmz,N10,TiCo,True,16,True,"77,120,160,200,233,253,273,298",,True,True
fmz-TiCo-13-126,fmz-TiCo-N126-N11-3c-C3h,"3,6",fmz,N126,TiCo,True,16,True,"77,120,160,200,233,253,273,298",,True,True
fmz-TiCo-9-130,fmz-TiCo-N130-N10-3c-C3v,"3,6",fmz,N130,TiCo,True,16,True,"77,120,160,200,233,253,273,298",,True,True
fmz-TiCo-2-19,fmz-TiCo-N19-N2-3c-D3h,"3,6",fmz,N19,TiCo,True,16,True,"77,120,160,200,233,253,273,298",,True,True
fmz-TiCo-3-20,fmz-TiCo-N20-N3-3c-D3h,"3,6",fmz,N20,TiCo,True,16,True,"77,120,160,200,233,253,273,298",,True,True
fmz-TiCo-6-225,fmz-TiCo-N225-N4-3c-D3h,"3,6",fmz,N225,TiCo,True,16,True,"77,120,160,200,233,253,273,298",,True,True
fmz-TiCo-10-333,fmz-TiCo-N333-N8-3c-D3,"3,6",fmz,N333,TiCo,True,16,True,"77,120,160,200,233,253,273,298",,True,False
fmz-TiCo-5-386,fmz-TiCo-N386-N5-3c-D3h,"3,6",fmz,N386,TiCo,True,16,True,"77,120,160,200,233,253,273,298",,True,True
fmz-TiCo-4-410,fmz-TiCo-N410-N9-3c-D3,"3,6",fmz,N410,TiCo,True,16,True,"77,120,160,200,233,253,273,298",,True,False
fmz-TiCo-11-516,fmz-TiCo-N516-N24-3c-C3,"3,6",fmz,N516,TiCo,True,16,True,"77,120,160,200,233,253,273,298",,True,False
fmz-TiCo-7-592,fmz-TiCo-N592-N6-3c-D3h,"3,6",fmz,N592,TiCo,True,16,True,"77,120,160,200,233,253,273,298",,True,True
fmz-TiCo-12-639,fmz-TiCo-N639-N7-3c-D3h,"3,6",fmz,N639,TiCo,True,16,True,"77,120,160,200,233,253,273,298",,True,True
fmz-TiCo-TATB,fmz-TiCo-TATB,"3,6",fmz,TATB,TiCo,True,16,True,"77,120,160,200,233,253,273,298",,True,True
fmz-TiMg-1-10,fmz-TiMg-N10-N1-3c-D3h,"3,6",fmz,N10,TiMg,True,16,True,"77,120,160,200,233,253,273,298",,True,True
fmz-TiMg-13-126,fmz-TiMg-N126-N11-3c-C3h,"3,6",fmz,N126,TiMg,True,16,True,"77,120,160,200,233,253,273,298",,True,True
fmz-TiMg-9-130,fmz-TiMg-N130-N10-3c-C3v,"3,6",fmz,N130,TiMg,True,16,True,"77,120,160,200,233,253,273,298",,True,True
fmz-TiMg-2-19,fmz-TiMg-N19-N2-3c-D3h,"3,6",fmz,N19,TiMg,True,16,True,"77,120,160,200,233,253,273,298",,True,True
fmz-TiMg-3-20,fmz-TiMg-N20-N3-3c-D3h,"3,6",fmz,N20,TiMg,True,16,True,"77,120,160,200,233,253,273,298",,True,True
fmz-TiMg-6-225,fmz-TiMg-N225-N4-3c-D3h,"3,6",fmz,N225,TiMg,True,16,True,"77,120,160,200,233,253,273,298",,True,True
fmz-TiMg-10-333,fmz-TiMg-N333-N8-3c-D3,"3,6",fmz,N333,TiMg,True,15,False,"77,120,160,200,233,253,273,298",77K/100bar,True,False
fmz-TiMg-5-386,fmz-TiMg-N386-N5-3c-D3h,"3,6",fmz,N386,TiMg,True,16,True,"77,120,160,200,233,253,273,298",,True,True
fmz-TiMg-4-410,fmz-TiMg-N410-N9-3c-D3,"3,6",fmz,N410,TiMg,True,15,False,"77,120,160,200,233,253,273,298",77K/100bar,True,False
fmz-TiMg-11-516,fmz-TiMg-N516-N24-3c-C3,"3,6",fmz,N516,TiMg,True,15,False,"77,120,160,200,233,253,273,298",77K/100bar,True,False
fmz-TiMg-7-592,fmz-TiMg-N592-N6-3c-D3h,"3,6",fmz,N592,TiMg,True,16,True,"77,120,160,200,233,253,273,298",,True,True
fmz-TiMg-12-639,fmz-TiMg-N639-N7-3c-D3h,"3,6",fmz,N639,TiMg,True,16,True,"77,120,160,200,233,253,273,298",,True,True
fmz-TiMg-TATB,fmz-TiMg-TATB,"3,6",fmz,TATB,TiMg,True,16,True,"77,120,160,200,233,253,273,298",,True,True
fmz-TiNi-1-10,fmz-TiNi-N10-N1-3c-D3h,"3,6",fmz,N10,TiNi,True,16,True,"77,120,160,200,233,253,273,298",,True,True
fmz-TiNi-13-126,fmz-TiNi-N126-N11-3c-C3h,"3,6",fmz,N126,TiNi,True,16,True,"77,120,160,200,233,253,273,298",,True,True
fmz-TiNi-9-130,fmz-TiNi-N130-N10-3c-C3v,"3,6",fmz,N130,TiNi,True,16,True,"77,120,160,200,233,253,273,298",,True,True
fmz-TiNi-2-19,fmz-TiNi-N19-N2-3c-D3h,"3,6",fmz,N19,TiNi,True,16,True,"77,120,160,200,233,253,273,298",,True,True
fmz-TiNi-3-20,fmz-TiNi-N20-N3-3c-D3h,"3,6",fmz,N20,TiNi,True,16,True,"77,120,160,200,233,253,273,298",,True,True
fmz-TiNi-6-225,fmz-TiNi-N225-N4-3c-D3h,"3,6",fmz,N225,TiNi,True,16,True,"77,120,160,200,233,253,273,298",,True,True
fmz-TiNi-10-333,fmz-TiNi-N333-N8-3c-D3,"3,6",fmz,N333,TiNi,True,16,True,"77,120,160,200,233,253,273,298",,True,False
fmz-TiNi-5-386,fmz-TiNi-N386-N5-3c-D3h,"3,6",fmz,N386,TiNi,True,16,True,"77,120,160,200,233,253,273,298",,True,True
fmz-TiNi-4-410,fmz-TiNi-N410-N9-3c-D3,"3,6",fmz,N410,TiNi,True,16,True,"77,120,160,200,233,253,273,298",,True,False
fmz-TiNi-11-516,fmz-TiNi-N516-N24-3c-C3,"3,6",fmz,N516,TiNi,True,16,True,"77,120,160,200,233,253,273,298",,True,False
fmz-TiNi-7-592,fmz-TiNi-N592-N6-3c-D3h,"3,6",fmz,N592,TiNi,True,16,True,"77,120,160,200,233,253,273,298",,True,True
fmz-TiNi-12-639,fmz-TiNi-N639-N7-3c-D3h,"3,6",fmz,N639,TiNi,True,16,True,"77,120,160,200,233,253,273,298",,True,True
fmz-TiNi-TATB,fmz-TiNi-TATB,"3,6",fmz,TATB,TiNi,True,16,True,"77,120,160,200,233,253,273,298",,True,True
fsi-TiCo-8-644-D2h-D2d,fsi-TiCo-8-644-D2h-D2d,"4,6",fsi,N644,TiCo,True,16,True,"77,120,160,200,233,253,273,298",,True,True
fsi-TiCo-9-201-D2h-D2d,fsi-TiCo-9-201-D2h-D2d,"4,6",fsi,N201,TiCo,True,13,False,"120,160,200,233,253,273,298",77K/5bar;77K/100bar;120K/100bar,True,False
fsi-TiCo-13-600-Td,fsi-TiCo-N600-N20-4c-Td,"4,6",fsi,N600,TiCo,True,16,True,"77,120,160,200,233,253,273,298",,True,True
fsi-TiCo-10-607-D2h-D2d,fsi-TiCo-N607-N23-4c-D2d,"4,6",fsi,N607,TiCo,True,16,True,"77,120,160,200,233,253,273,298",,True,True
fsi-TiCo-11-662-D4h-T,fsi-TiCo-N662-N21-4c-Td,"4,6",fsi,N662,TiCo,True,16,True,"77,120,160,200,233,253,273,298",,True,True
fsi-TiCo-12-693-Td,fsi-TiCo-N693-N22-4c-Td,"4,6",fsi,N693,TiCo,True,16,True,"77,120,160,200,233,253,273,298",,True,True
fsi-TiCo-7-7-D2h-D2d,fsi-TiCo-N7-N25-4c-D2d,"4,6",fsi,N7,TiCo,True,16,True,"77,120,160,200,233,253,273,298",,True,True
fsi-TiMg-8-644-D2h-D2d,fsi-TiMg-8-644-D2h-D2d,"4,6",fsi,N644,TiMg,True,16,True,"77,120,160,200,233,253,273,298",,True,True
fsi-TiMg-9-201-D2h-D2d,fsi-TiMg-9-201-D2h-D2d,"4,6",fsi,N201,TiMg,True,13,False,"120,160,200,233,253,273,298",77K/5bar;77K/100bar;120K/100bar,True,False
fsi-TiMg-13-600-Td,fsi-TiMg-N600-N20-4c-Td,"4,6",fsi,N600,TiMg,True,16,True,"77,120,160,200,233,253,273,298",,True,True
fsi-TiMg-10-607-D2h-D2d,fsi-TiMg-N607-N23-4c-D2d,"4,6",fsi,N607,TiMg,True,16,True,"77,120,160,200,233,253,273,298",,True,True
fsi-TiMg-11-662-D4h-T,fsi-TiMg-N662-N21-4c-Td,"4,6",fsi,N662,TiMg,True,16,True,"77,120,160,200,233,253,273,298",,True,True
fsi-TiMg-12-693-Td,fsi-TiMg-N693-N22-4c-Td,"4,6",fsi,N693,TiMg,True,16,True,"77,120,160,200,233,253,273,298",,True,True
fsi-TiMg-7-7-D2h-D2d,fsi-TiMg-N7-N25-4c-D2d,"4,6",fsi,N7,TiMg,True,16,True,"77,120,160,200,233,253,273,298",,True,True
fsi-TiNi-8-644-D2h-D2d,fsi-TiNi-8-644-D2h-D2d,"4,6",fsi,N644,TiNi,True,16,True,"77,120,160,200,233,253,273,298",,True,True
fsi-TiNi-9-201-D2h-D2d,fsi-TiNi-9-201-D2h-D2d,"4,6",fsi,N201,TiNi,True,13,False,"120,160,200,233,253,273,298",77K/5bar;77K/100bar;120K/100bar,True,False
fsi-TiNi-13-600-Td,fsi-TiNi-N600-N20-4c-Td,"4,6",fsi,N600,TiNi,True,16,True,"77,120,160,200,233,253,273,298",,True,True
fsi-TiNi-10-607-D2h-D2d,fsi-TiNi-N607-N23-4c-D2d,"4,6",fsi,N607,TiNi,True,16,True,"77,120,160,200,233,253,273,298",,True,True
fsi-TiNi-11-662-D4h-T,fsi-TiNi-N662-N21-4c-Td,"4,6",fsi,N662,TiNi,True,16,True,"77,120,160,200,233,253,273,298",,True,True
fsi-TiNi-12-693-Td,fsi-TiNi-N693-N22-4c-Td,"4,6",fsi,N693,TiNi,True,16,True,"77,120,160,200,233,253,273,298",,True,True
fsi-TiNi-7-7-D2h-D2d,fsi-TiNi-N7-N25-4c-D2d,"4,6",fsi,N7,TiNi,True,16,True,"77,120,160,200,233,253,273,298",,True,True
hea-TiCo-8-644-D2h-D2d,hea-TiCo-8-644-D2h-D2d,"4,6",hea,N644,TiCo,True,16,True,"77,120,160,200,233,253,273,298",,True,True
hea-TiCo-9-201-D2h-D2d,hea-TiCo-9-201-D2h-D2d,"4,6",hea,N201,TiCo,True,15,False,"77,120,160,200,233,253,273,298",77K/100bar,True,False
hea-TiCo-13-600-Td,hea-TiCo-N600-N20-4c-Td,"4,6",hea,N600,TiCo,True,16,True,"77,120,160,200,233,253,273,298",,True,True
hea-TiCo-10-607-D2h-D2d,hea-TiCo-N607-N23-4c-D2d,"4,6",hea,N607,TiCo,True,16,True,"77,120,160,200,233,253,273,298",,True,True
hea-TiCo-11-662-D4h-T,hea-TiCo-N662-N21-4c-Td,"4,6",hea,N662,TiCo,True,16,True,"77,120,160,200,233,253,273,298",,True,True
hea-TiCo-12-693-Td,hea-TiCo-N693-N22-4c-Td,"4,6",hea,N693,TiCo,True,16,True,"77,120,160,200,233,253,273,298",,True,True
hea-TiCo-7-7-D2h-D2d,hea-TiCo-N7-N25-4c-D2d,"4,6",hea,N7,TiCo,True,16,True,"77,120,160,200,233,253,273,298",,True,True
hea-TiMg-8-644-D2h-D2d,hea-TiMg-8-644-D2h-D2d,"4,6",hea,N644,TiMg,True,16,True,"77,120,160,200,233,253,273,298",,True,True
hea-TiMg-9-201-D2h-D2d,hea-TiMg-9-201-D2h-D2d,"4,6",hea,N201,TiMg,True,15,False,"77,120,160,200,233,253,273,298",77K/100bar,True,False
hea-TiMg-13-600-Td,hea-TiMg-N600-N20-4c-Td,"4,6",hea,N600,TiMg,True,16,True,"77,120,160,200,233,253,273,298",,True,True
hea-TiMg-10-607-D2h-D2d,hea-TiMg-N607-N23-4c-D2d,"4,6",hea,N607,TiMg,True,16,True,"77,120,160,200,233,253,273,298",,True,True
hea-TiMg-11-662-D4h-T,hea-TiMg-N662-N21-4c-Td,"4,6",hea,N662,TiMg,True,16,True,"77,120,160,200,233,253,273,298",,True,True
hea-TiMg-12-693-Td,hea-TiMg-N693-N22-4c-Td,"4,6",hea,N693,TiMg,True,16,True,"77,120,160,200,233,253,273,298",,True,True
hea-TiMg-7-7-D2h-D2d,hea-TiMg-N7-N25-4c-D2d,"4,6",hea,N7,TiMg,True,16,True,"77,120,160,200,233,253,273,298",,True,True
hea-TiNi-8-644-D2h-D2d,hea-TiNi-8-644-D2h-D2d,"4,6",hea,N644,TiNi,True,16,True,"77,120,160,200,233,253,273,298",,True,True
hea-TiNi-9-201-D2h-D2d,hea-TiNi-9-201-D2h-D2d,"4,6",hea,N201,TiNi,True,15,False,"77,120,160,200,233,253,273,298",77K/100bar,True,False
hea-TiNi-13-600-Td,hea-TiNi-N600-N20-4c-Td,"4,6",hea,N600,TiNi,True,16,True,"77,120,160,200,233,253,273,298",,True,True
hea-TiNi-10-607-D2h-D2d,hea-TiNi-N607-N23-4c-D2d,"4,6",hea,N607,TiNi,True,16,True,"77,120,160,200,233,253,273,298",,True,True
hea-TiNi-11-662-D4h-T,hea-TiNi-N662-N21-4c-Td,"4,6",hea,N662,TiNi,True,16,True,"77,120,160,200,233,253,273,298",,True,True
hea-TiNi-12-693-Td,hea-TiNi-N693-N22-4c-Td,"4,6",hea,N693,TiNi,True,16,True,"77,120,160,200,233,253,273,298",,True,True
hea-TiNi-7-7-D2h-D2d,hea-TiNi-N7-N25-4c-D2d,"4,6",hea,N7,TiNi,True,16,True,"77,120,160,200,233,253,273,298",,True,True
hwx-TiCo-1-10,hwx-TiCo-N10-N1-3c-D3h,"3,6",hwx,N10,TiCo,True,16,True,"77,120,160,200,233,253,273,298",,True,True
hwx-TiCo-13-126,hwx-TiCo-N126-N11-3c-C3h,"3,6",hwx,N126,TiCo,True,16,True,"77,120,160,200,233,253,273,298",,True,True
hwx-TiCo-9-130,hwx-TiCo-N130-N10-3c-C3v,"3,6",hwx,N130,TiCo,True,16,True,"77,120,160,200,233,253,273,298",,True,True
hwx-TiCo-2-19,hwx-TiCo-N19-N2-3c-D3h,"3,6",hwx,N19,TiCo,True,16,True,"77,120,160,200,233,253,273,298",,True,True
hwx-TiCo-3-20,hwx-TiCo-N20-N3-3c-D3h,"3,6",hwx,N20,TiCo,True,16,True,"77,120,160,200,233,253,273,298",,True,True
hwx-TiCo-6-225,hwx-TiCo-N225-N4-3c-D3h,"3,6",hwx,N225,TiCo,True,16,True,"77,120,160,200,233,253,273,298",,True,True
hwx-TiCo-10-333,hwx-TiCo-N333-N8-3c-D3,"3,6",hwx,N333,TiCo,True,16,True,"77,120,160,200,233,253,273,298",,True,True
hwx-TiCo-5-386,hwx-TiCo-N386-N5-3c-D3h,"3,6",hwx,N386,TiCo,True,16,True,"77,120,160,200,233,253,273,298",,True,True
hwx-TiCo-4-410,hwx-TiCo-N410-N9-3c-D3,"3,6",hwx,N410,TiCo,True,16,True,"77,120,160,200,233,253,273,298",,True,True
hwx-TiCo-11-516,hwx-TiCo-N516-N24-3c-C3,"3,6",hwx,N516,TiCo,True,16,True,"77,120,160,200,233,253,273,298",,True,True
hwx-TiCo-7-592,hwx-TiCo-N592-N6-3c-D3h,"3,6",hwx,N592,TiCo,True,16,True,"77,120,160,200,233,253,273,298",,True,True
hwx-TiCo-12-639,hwx-TiCo-N639-N7-3c-D3h,"3,6",hwx,N639,TiCo,True,16,True,"77,120,160,200,233,253,273,298",,True,True
hwx-TiCo-TATB,hwx-TiCo-TATB,"3,6",hwx,TATB,TiCo,True,16,True,"77,120,160,200,233,253,273,298",,True,True
hwx-TiMg-1-10,hwx-TiMg-N10-N1-3c-D3h,"3,6",hwx,N10,TiMg,True,16,True,"77,120,160,200,233,253,273,298",,True,True
hwx-TiMg-13-126,hwx-TiMg-N126-N11-3c-C3h,"3,6",hwx,N126,TiMg,True,16,True,"77,120,160,200,233,253,273,298",,True,True
hwx-TiMg-9-130,hwx-TiMg-N130-N10-3c-C3v,"3,6",hwx,N130,TiMg,True,16,True,"77,120,160,200,233,253,273,298",,True,True
hwx-TiMg-2-19,hwx-TiMg-N19-N2-3c-D3h,"3,6",hwx,N19,TiMg,True,16,True,"77,120,160,200,233,253,273,298",,True,True
hwx-TiMg-3-20,hwx-TiMg-N20-N3-3c-D3h,"3,6",hwx,N20,TiMg,True,16,True,"77,120,160,200,233,253,273,298",,True,True
hwx-TiMg-6-225,hwx-TiMg-N225-N4-3c-D3h,"3,6",hwx,N225,TiMg,True,16,True,"77,120,160,200,233,253,273,298",,True,True
hwx-TiMg-10-333,hwx-TiMg-N333-N8-3c-D3,"3,6",hwx,N333,TiMg,True,16,True,"77,120,160,200,233,253,273,298",,True,True
hwx-TiMg-5-386,hwx-TiMg-N386-N5-3c-D3h,"3,6",hwx,N386,TiMg,True,16,True,"77,120,160,200,233,253,273,298",,True,True
hwx-TiMg-4-410,hwx-TiMg-N410-N9-3c-D3,"3,6",hwx,N410,TiMg,True,16,True,"77,120,160,200,233,253,273,298",,True,True
hwx-TiMg-11-516,hwx-TiMg-N516-N24-3c-C3,"3,6",hwx,N516,TiMg,True,16,True,"77,120,160,200,233,253,273,298",,True,True
hwx-TiMg-7-592,hwx-TiMg-N592-N6-3c-D3h,"3,6",hwx,N592,TiMg,True,16,True,"77,120,160,200,233,253,273,298",,True,True
hwx-TiMg-12-639,hwx-TiMg-N639-N7-3c-D3h,"3,6",hwx,N639,TiMg,True,16,True,"77,120,160,200,233,253,273,298",,True,True
hwx-TiMg-TATB,hwx-TiMg-TATB,"3,6",hwx,TATB,TiMg,True,16,True,"77,120,160,200,233,253,273,298",,True,True
hwx-TiNi-1-10,hwx-TiNi-N10-N1-3c-D3h,"3,6",hwx,N10,TiNi,True,16,True,"77,120,160,200,233,253,273,298",,True,True
hwx-TiNi-13-126,hwx-TiNi-N126-N11-3c-C3h,"3,6",hwx,N126,TiNi,True,16,True,"77,120,160,200,233,253,273,298",,True,True
hwx-TiNi-9-130,hwx-TiNi-N130-N10-3c-C3v,"3,6",hwx,N130,TiNi,True,16,True,"77,120,160,200,233,253,273,298",,True,True
hwx-TiNi-2-19,hwx-TiNi-N19-N2-3c-D3h,"3,6",hwx,N19,TiNi,True,16,True,"77,120,160,200,233,253,273,298",,True,True
hwx-TiNi-3-20,hwx-TiNi-N20-N3-3c-D3h,"3,6",hwx,N20,TiNi,True,16,True,"77,120,160,200,233,253,273,298",,True,True
hwx-TiNi-6-225,hwx-TiNi-N225-N4-3c-D3h,"3,6",hwx,N225,TiNi,True,16,True,"77,120,160,200,233,253,273,298",,True,True
hwx-TiNi-10-333,hwx-TiNi-N333-N8-3c-D3,"3,6",hwx,N333,TiNi,True,16,True,"77,120,160,200,233,253,273,298",,True,True
hwx-TiNi-5-386,hwx-TiNi-N386-N5-3c-D3h,"3,6",hwx,N386,TiNi,True,16,True,"77,120,160,200,233,253,273,298",,True,True
hwx-TiNi-4-410,hwx-TiNi-N410-N9-3c-D3,"3,6",hwx,N410,TiNi,True,16,True,"77,120,160,200,233,253,273,298",,True,True
hwx-TiNi-11-516,hwx-TiNi-N516-N24-3c-C3,"3,6",hwx,N516,TiNi,True,16,True,"77,120,160,200,233,253,273,298",,True,True
hwx-TiNi-7-592,hwx-TiNi-N592-N6-3c-D3h,"3,6",hwx,N592,TiNi,True,16,True,"77,120,160,200,233,253,273,298",,True,True
hwx-TiNi-12-639,hwx-TiNi-N639-N7-3c-D3h,"3,6",hwx,N639,TiNi,True,16,True,"77,120,160,200,233,253,273,298",,True,True
hwx-TiNi-TATB,hwx-TiNi-TATB,"3,6",hwx,TATB,TiNi,True,16,True,"77,120,160,200,233,253,273,298",,True,True
sab-TiCo-1-10,sab-TiCo-N10-N1-3c-D3h,"3,6",sab,N10,TiCo,True,16,True,"77,120,160,200,233,253,273,298",,True,True
sab-TiCo-13-126,sab-TiCo-N126-N11-3c-C3h,"3,6",sab,N126,TiCo,True,16,True,"77,120,160,200,233,253,273,298",,True,True
sab-TiCo-9-130,sab-TiCo-N130-N10-3c-C3v,"3,6",sab,N130,TiCo,True,16,True,"77,120,160,200,233,253,273,298",,True,True
sab-TiCo-2-19,sab-TiCo-N19-N2-3c-D3h,"3,6",sab,N19,TiCo,True,16,True,"77,120,160,200,233,253,273,298",,True,True
sab-TiCo-3-20,sab-TiCo-N20-N3-3c-D3h,"3,6",sab,N20,TiCo,True,16,True,"77,120,160,200,233,253,273,298",,True,True
sab-TiCo-6-225,sab-TiCo-N225-N4-3c-D3h,"3,6",sab,N225,TiCo,True,16,True,"77,120,160,200,233,253,273,298",,True,True
sab-TiCo-10-333,sab-TiCo-N333-N8-3c-D3,"3,6",sab,N333,TiCo,True,16,True,"77,120,160,200,233,253,273,298",,True,True
sab-TiCo-5-386,sab-TiCo-N386-N5-3c-D3h,"3,6",sab,N386,TiCo,True,16,True,"77,120,160,200,233,253,273,298",,True,True
sab-TiCo-4-410,sab-TiCo-N410-N9-3c-D3,"3,6",sab,N410,TiCo,True,16,True,"77,120,160,200,233,253,273,298",,True,True
sab-TiCo-11-516,sab-TiCo-N516-N24-3c-C3,"3,6",sab,N516,TiCo,True,16,True,"77,120,160,200,233,253,273,298",,True,True
sab-TiCo-7-592,sab-TiCo-N592-N6-3c-D3h,"3,6",sab,N592,TiCo,True,16,True,"77,120,160,200,233,253,273,298",,True,True
sab-TiCo-12-639,sab-TiCo-N639-N7-3c-D3h,"3,6",sab,N639,TiCo,True,16,True,"77,120,160,200,233,253,273,298",,True,True
sab-TiCo-TATB,sab-TiCo-TATB,"3,6",sab,TATB,TiCo,True,16,True,"77,120,160,200,233,253,273,298",,True,True
sab-TiMg-1-10,sab-TiMg-N10-N1-3c-D3h,"3,6",sab,N10,TiMg,True,16,True,"77,120,160,200,233,253,273,298",,True,True
sab-TiMg-13-126,sab-TiMg-N126-N11-3c-C3h,"3,6",sab,N126,TiMg,True,16,True,"77,120,160,200,233,253,273,298",,True,True
sab-TiMg-9-130,sab-TiMg-N130-N10-3c-C3v,"3,6",sab,N130,TiMg,True,16,True,"77,120,160,200,233,253,273,298",,True,True
sab-TiMg-2-19,sab-TiMg-N19-N2-3c-D3h,"3,6",sab,N19,TiMg,True,16,True,"77,120,160,200,233,253,273,298",,True,True
sab-TiMg-3-20,sab-TiMg-N20-N3-3c-D3h,"3,6",sab,N20,TiMg,True,16,True,"77,120,160,200,233,253,273,298",,True,True
sab-TiMg-6-225,sab-TiMg-N225-N4-3c-D3h,"3,6",sab,N225,TiMg,True,16,True,"77,120,160,200,233,253,273,298",,True,True
sab-TiMg-10-333,sab-TiMg-N333-N8-3c-D3,"3,6",sab,N333,TiMg,True,16,True,"77,120,160,200,233,253,273,298",,True,True
sab-TiMg-5-386,sab-TiMg-N386-N5-3c-D3h,"3,6",sab,N386,TiMg,True,16,True,"77,120,160,200,233,253,273,298",,True,True
sab-TiMg-4-410,sab-TiMg-N410-N9-3c-D3,"3,6",sab,N410,TiMg,True,16,True,"77,120,160,200,233,253,273,298",,True,True
sab-TiMg-11-516,sab-TiMg-N516-N24-3c-C3,"3,6",sab,N516,TiMg,True,16,True,"77,120,160,200,233,253,273,298",,True,True
sab-TiMg-7-592,sab-TiMg-N592-N6-3c-D3h,"3,6",sab,N592,TiMg,True,16,True,"77,120,160,200,233,253,273,298",,True,True
sab-TiMg-12-639,sab-TiMg-N639-N7-3c-D3h,"3,6",sab,N639,TiMg,True,16,True,"77,120,160,200,233,253,273,298",,True,True
sab-TiMg-TATB,sab-TiMg-TATB,"3,6",sab,TATB,TiMg,True,16,True,"77,120,160,200,233,253,273,298",,True,True
sab-TiNi-1-10,sab-TiNi-N10-N1-3c-D3h,"3,6",sab,N10,TiNi,True,16,True,"77,120,160,200,233,253,273,298",,True,True
sab-TiNi-13-126,sab-TiNi-N126-N11-3c-C3h,"3,6",sab,N126,TiNi,True,16,True,"77,120,160,200,233,253,273,298",,True,True
sab-TiNi-9-130,sab-TiNi-N130-N10-3c-C3v,"3,6",sab,N130,TiNi,True,16,True,"77,120,160,200,233,253,273,298",,True,True
sab-TiNi-2-19,sab-TiNi-N19-N2-3c-D3h,"3,6",sab,N19,TiNi,True,16,True,"77,120,160,200,233,253,273,298",,True,True
sab-TiNi-3-20,sab-TiNi-N20-N3-3c-D3h,"3,6",sab,N20,TiNi,True,16,True,"77,120,160,200,233,253,273,298",,True,True
sab-TiNi-6-225,sab-TiNi-N225-N4-3c-D3h,"3,6",sab,N225,TiNi,True,16,True,"77,120,160,200,233,253,273,298",,True,True
sab-TiNi-10-333,sab-TiNi-N333-N8-3c-D3,"3,6",sab,N333,TiNi,True,16,True,"77,120,160,200,233,253,273,298",,True,True
sab-TiNi-5-386,sab-TiNi-N386-N5-3c-D3h,"3,6",sab,N386,TiNi,True,16,True,"77,120,160,200,233,253,273,298",,True,True
sab-TiNi-4-410,sab-TiNi-N410-N9-3c-D3,"3,6",sab,N410,TiNi,True,16,True,"77,120,160,200,233,253,273,298",,True,True
sab-TiNi-11-516,sab-TiNi-N516-N24-3c-C3,"3,6",sab,N516,TiNi,True,16,True,"77,120,160,200,233,253,273,298",,True,True
sab-TiNi-7-592,sab-TiNi-N592-N6-3c-D3h,"3,6",sab,N592,TiNi,True,16,True,"77,120,160,200,233,253,273,298",,True,True
sab-TiNi-12-639,sab-TiNi-N639-N7-3c-D3h,"3,6",sab,N639,TiNi,True,16,True,"77,120,160,200,233,253,273,298",,True,True
sab-TiNi-TATB,sab-TiNi-TATB,"3,6",sab,TATB,TiNi,True,16,True,"77,120,160,200,233,253,273,298",,True,True
sit-TiCo-1-10,sit-TiCo-N10-N1-3c-D3h,"3,6",sit,N10,TiCo,True,16,True,"77,120,160,200,233,253,273,298",,True,True
sit-TiCo-13-126,sit-TiCo-N126-N11-3c-C3h,"3,6",sit,N126,TiCo,True,16,True,"77,120,160,200,233,253,273,298",,True,True
sit-TiCo-9-130,sit-TiCo-N130-N10-3c-C3v,"3,6",sit,N130,TiCo,True,16,True,"77,120,160,200,233,253,273,298",,True,True
sit-TiCo-2-19,sit-TiCo-N19-N2-3c-D3h,"3,6",sit,N19,TiCo,True,16,True,"77,120,160,200,233,253,273,298",,True,True
sit-TiCo-3-20,sit-TiCo-N20-N3-3c-D3h,"3,6",sit,N20,TiCo,True,16,True,"77,120,160,200,233,253,273,298",,True,True
sit-TiCo-6-225,sit-TiCo-N225-N4-3c-D3h,"3,6",sit,N225,TiCo,True,16,True,"77,120,160,200,233,253,273,298",,True,True
sit-TiCo-10-333,sit-TiCo-N333-N8-3c-D3,"3,6",sit,N333,TiCo,True,16,True,"77,120,160,200,233,253,273,298",,True,True
sit-TiCo-5-386,sit-TiCo-N386-N5-3c-D3h,"3,6",sit,N386,TiCo,True,16,True,"77,120,160,200,233,253,273,298",,True,True
sit-TiCo-4-410,sit-TiCo-N410-N9-3c-D3,"3,6",sit,N410,TiCo,True,16,True,"77,120,160,200,233,253,273,298",,True,True
sit-TiCo-11-516,sit-TiCo-N516-N24-3c-C3,"3,6",sit,N516,TiCo,True,16,True,"77,120,160,200,233,253,273,298",,True,True
sit-TiCo-7-592,sit-TiCo-N592-N6-3c-D3h,"3,6",sit,N592,TiCo,True,16,True,"77,120,160,200,233,253,273,298",,True,True
sit-TiCo-12-639,sit-TiCo-N639-N7-3c-D3h,"3,6",sit,N639,TiCo,True,16,True,"77,120,160,200,233,253,273,298",,True,True
sit-TiCo-TATB,sit-TiCo-TATB,"3,6",sit,TATB,TiCo,True,16,True,"77,120,160,200,233,253,273,298",,True,True
sit-TiMg-1-10,sit-TiMg-N10-N1-3c-D3h,"3,6",sit,N10,TiMg,True,16,True,"77,120,160,200,233,253,273,298",,True,True
sit-TiMg-13-126,sit-TiMg-N126-N11-3c-C3h,"3,6",sit,N126,TiMg,True,16,True,"77,120,160,200,233,253,273,298",,True,True
sit-TiMg-9-130,sit-TiMg-N130-N10-3c-C3v,"3,6",sit,N130,TiMg,True,16,True,"77,120,160,200,233,253,273,298",,True,True
sit-TiMg-2-19,sit-TiMg-N19-N2-3c-D3h,"3,6",sit,N19,TiMg,True,16,True,"77,120,160,200,233,253,273,298",,True,True
sit-TiMg-3-20,sit-TiMg-N20-N3-3c-D3h,"3,6",sit,N20,TiMg,True,16,True,"77,120,160,200,233,253,273,298",,True,True
sit-TiMg-6-225,sit-TiMg-N225-N4-3c-D3h,"3,6",sit,N225,TiMg,True,16,True,"77,120,160,200,233,253,273,298",,True,True
sit-TiMg-10-333,sit-TiMg-N333-N8-3c-D3,"3,6",sit,N333,TiMg,True,16,True,"77,120,160,200,233,253,273,298",,True,True
sit-TiMg-5-386,sit-TiMg-N386-N5-3c-D3h,"3,6",sit,N386,TiMg,True,16,True,"77,120,160,200,233,253,273,298",,True,True
sit-TiMg-4-410,sit-TiMg-N410-N9-3c-D3,"3,6",sit,N410,TiMg,True,16,True,"77,120,160,200,233,253,273,298",,True,True
sit-TiMg-11-516,sit-TiMg-N516-N24-3c-C3,"3,6",sit,N516,TiMg,True,16,True,"77,120,160,200,233,253,273,298",,True,True
sit-TiMg-7-592,sit-TiMg-N592-N6-3c-D3h,"3,6",sit,N592,TiMg,True,16,True,"77,120,160,200,233,253,273,298",,True,True
sit-TiMg-12-639,sit-TiMg-N639-N7-3c-D3h,"3,6",sit,N639,TiMg,True,16,True,"77,120,160,200,233,253,273,298",,True,True
sit-TiMg-TATB,sit-TiMg-TATB,"3,6",sit,TATB,TiMg,True,16,True,"77,120,160,200,233,253,273,298",,True,True
sit-TiNi-1-10,sit-TiNi-N10-N1-3c-D3h,"3,6",sit,N10,TiNi,True,16,True,"77,120,160,200,233,253,273,298",,True,True
sit-TiNi-13-126,sit-TiNi-N126-N11-3c-C3h,"3,6",sit,N126,TiNi,True,16,True,"77,120,160,200,233,253,273,298",,True,True
sit-TiNi-9-130,sit-TiNi-N130-N10-3c-C3v,"3,6",sit,N130,TiNi,True,16,True,"77,120,160,200,233,253,273,298",,True,True
sit-TiNi-2-19,sit-TiNi-N19-N2-3c-D3h,"3,6",sit,N19,TiNi,True,16,True,"77,120,160,200,233,253,273,298",,True,True
sit-TiNi-3-20,sit-TiNi-N20-N3-3c-D3h,"3,6",sit,N20,TiNi,True,16,True,"77,120,160,200,233,253,273,298",,True,True
sit-TiNi-6-225,sit-TiNi-N225-N4-3c-D3h,"3,6",sit,N225,TiNi,True,16,True,"77,120,160,200,233,253,273,298",,True,True
sit-TiNi-10-333,sit-TiNi-N333-N8-3c-D3,"3,6",sit,N333,TiNi,True,16,True,"77,120,160,200,233,253,273,298",,True,True
sit-TiNi-5-386,sit-TiNi-N386-N5-3c-D3h,"3,6",sit,N386,TiNi,True,16,True,"77,120,160,200,233,253,273,298",,True,True
sit-TiNi-4-410,sit-TiNi-N410-N9-3c-D3,"3,6",sit,N410,TiNi,True,16,True,"77,120,160,200,233,253,273,298",,True,True
sit-TiNi-11-516,sit-TiNi-N516-N24-3c-C3,"3,6",sit,N516,TiNi,True,16,True,"77,120,160,200,233,253,273,298",,True,True
sit-TiNi-7-592,sit-TiNi-N592-N6-3c-D3h,"3,6",sit,N592,TiNi,True,16,True,"77,120,160,200,233,253,273,298",,True,True
sit-TiNi-12-639,sit-TiNi-N639-N7-3c-D3h,"3,6",sit,N639,TiNi,True,16,True,"77,120,160,200,233,253,273,298",,True,True
sit-TiNi-TATB,sit-TiNi-TATB,"3,6",sit,TATB,TiNi,True,16,True,"77,120,160,200,233,253,273,298",,True,True
stp-TiCo-11-662-D4h-T,stp-TiCo-11-662-D4h-T,"4,6",stp,N662,TiCo,True,16,True,"77,120,160,200,233,253,273,298",,True,True
ttp-TiCo-3-1-D2h,stp-TiCo-N1-N14-4c-D2h,"4,6",stp,N1,TiCo,True,16,True,"77,120,160,200,233,253,273,298",,True,True
ttx-TiCo-4-12-D2h,stp-TiCo-N12-N15-4c-D2h,"4,6",stp,N12,TiCo,True,16,True,"77,120,160,200,233,253,273,298",,True,True
stp-TiCo-2-13-D4h,stp-TiCo-N13-N12-4c-D4h,"4,6",stp,N13,TiCo,True,16,True,"77,120,160,200,233,253,273,298",,True,True
ttp-TiCo-9-201-D2h-D2d,stp-TiCo-N201-N16-4c-D2h,"4,6",stp,N201,TiCo,True,16,True,"77,120,160,200,233,253,273,298",,True,True
stp-TiCo-1-445-D4h,stp-TiCo-N445-N13-4c-D4h,"4,6",stp,N445,TiCo,True,16,True,"77,120,160,200,233,253,273,298",,True,True
ttx-TiCo-6-614-D2h,stp-TiCo-N614-N17-4c-D2h,"4,6",stp,N614,TiCo,True,16,True,"77,120,160,200,233,253,273,298",,True,True
ttp-TiCo-8-644-D2h-D2d,stp-TiCo-N644-N18-4c-D2h,"4,6",stp,N644,TiCo,True,16,True,"77,120,160,200,233,253,273,298",,True,True
ttx-TiCo-5-665-D2h,stp-TiCo-N665-N19-4c-D2h,"4,6",stp,N665,TiCo,True,16,True,"77,120,160,200,233,253,273,298",,True,True
stp-TiMg-11-662-D4h-T,stp-TiMg-11-662-D4h-T,"4,6",stp,N662,TiMg,True,16,True,"77,120,160,200,233,253,273,298",,True,True
ttp-TiMg-3-1-D2h,stp-TiMg-N1-N14-4c-D2h,"4,6",stp,N1,TiMg,True,16,True,"77,120,160,200,233,253,273,298",,True,True
ttx-TiMg-4-12-D2h,stp-TiMg-N12-N15-4c-D2h,"4,6",stp,N12,TiMg,True,16,True,"77,120,160,200,233,253,273,298",,True,True
stp-TiMg-2-13-D4h,stp-TiMg-N13-N12-4c-D4h,"4,6",stp,N13,TiMg,True,16,True,"77,120,160,200,233,253,273,298",,True,True
ttp-TiMg-9-201-D2h-D2d,stp-TiMg-N201-N16-4c-D2h,"4,6",stp,N201,TiMg,True,16,True,"77,120,160,200,233,253,273,298",,True,True
stp-TiMg-1-445-D4h,stp-TiMg-N445-N13-4c-D4h,"4,6",stp,N445,TiMg,True,16,True,"77,120,160,200,233,253,273,298",,True,True
ttx-TiMg-6-614-D2h,stp-TiMg-N614-N17-4c-D2h,"4,6",stp,N614,TiMg,True,16,True,"77,120,160,200,233,253,273,298",,True,True
ttp-TiMg-8-644-D2h-D2d,stp-TiMg-N644-N18-4c-D2h,"4,6",stp,N644,TiMg,True,16,True,"77,120,160,200,233,253,273,298",,True,True
ttx-TiMg-5-665-D2h,stp-TiMg-N665-N19-4c-D2h,"4,6",stp,N665,TiMg,True,16,True,"77,120,160,200,233,253,273,298",,True,True
stp-TiNi-11-662-D4h-T,stp-TiNi-11-662-D4h-T,"4,6",stp,N662,TiNi,True,16,True,"77,120,160,200,233,253,273,298",,True,True
ttp-TiNi-3-1-D2h,stp-TiNi-N1-N14-4c-D2h,"4,6",stp,N1,TiNi,True,16,True,"77,120,160,200,233,253,273,298",,True,True
ttx-TiNi-4-12-D2h,stp-TiNi-N12-N15-4c-D2h,"4,6",stp,N12,TiNi,True,16,True,"77,120,160,200,233,253,273,298",,True,True
stp-TiNi-2-13-D4h,stp-TiNi-N13-N12-4c-D4h,"4,6",stp,N13,TiNi,True,16,True,"77,120,160,200,233,253,273,298",,True,True
ttp-TiNi-9-201-D2h-D2d,stp-TiNi-N201-N16-4c-D2h,"4,6",stp,N201,TiNi,True,16,True,"77,120,160,200,233,253,273,298",,True,True
stp-TiNi-1-445-D4h,stp-TiNi-N445-N13-4c-D4h,"4,6",stp,N445,TiNi,True,16,True,"77,120,160,200,233,253,273,298",,True,True
ttx-TiNi-6-614-D2h,stp-TiNi-N614-N17-4c-D2h,"4,6",stp,N614,TiNi,True,16,True,"77,120,160,200,233,253,273,298",,True,True
ttp-TiNi-8-644-D2h-D2d,stp-TiNi-N644-N18-4c-D2h,"4,6",stp,N644,TiNi,True,16,True,"77,120,160,200,233,253,273,298",,True,True
ttx-TiNi-5-665-D2h,stp-TiNi-N665-N19-4c-D2h,"4,6",stp,N665,TiNi,True,16,True,"77,120,160,200,233,253,273,298",,True,True
ttp-TiCo-10-607-D2h-D2d,ttp-TiCo-10-607-D2h-D2d,"3,6",ttp,N607,TiCo,True,16,True,"77,120,160,200,233,253,273,298",,True,True
ttp-TiCo-4-12-D2h,ttp-TiCo-4-12-D2h,"3,6",ttp,N12,TiCo,True,16,True,"77,120,160,200,233,253,273,298",,True,True
ttp-TiCo-5-665-D2h,ttp-TiCo-5-665-D2h,"3,6",ttp,N665,TiCo,True,15,False,"77,120,160,200,233,253,273,298",77K/100bar,True,False
ttp-TiCo-6-614-D2h,ttp-TiCo-6-614-D2h,"3,6",ttp,N614,TiCo,True,15,False,"77,120,160,200,233,253,273,298",77K/100bar,True,False
ttp-TiCo-7-7-D2h-D2d,ttp-TiCo-7-7-D2h-D2d,"3,6",ttp,N7,TiCo,True,15,False,"77,120,160,200,233,253,273,298",77K/100bar,True,False
ttp-TiMg-10-607-D2h-D2d,ttp-TiMg-10-607-D2h-D2d,"3,6",ttp,N607,TiMg,True,16,True,"77,120,160,200,233,253,273,298",,True,True
ttp-TiMg-4-12-D2h,ttp-TiMg-4-12-D2h,"3,6",ttp,N12,TiMg,True,16,True,"77,120,160,200,233,253,273,298",,True,True
ttp-TiMg-5-665-D2h,ttp-TiMg-5-665-D2h,"3,6",ttp,N665,TiMg,True,16,True,"77,120,160,200,233,253,273,298",,True,False
ttp-TiMg-6-614-D2h,ttp-TiMg-6-614-D2h,"3,6",ttp,N614,TiMg,True,16,True,"77,120,160,200,233,253,273,298",,True,False
ttp-TiMg-7-7-D2h-D2d,ttp-TiMg-7-7-D2h-D2d,"3,6",ttp,N7,TiMg,True,16,True,"77,120,160,200,233,253,273,298",,True,False
ttp-TiNi-10-607-D2h-D2d,ttp-TiNi-10-607-D2h-D2d,"3,6",ttp,N607,TiNi,True,16,True,"77,120,160,200,233,253,273,298",,True,True
ttp-TiNi-4-12-D2h,ttp-TiNi-4-12-D2h,"3,6",ttp,N12,TiNi,True,16,True,"77,120,160,200,233,253,273,298",,True,True
ttp-TiNi-5-665-D2h,ttp-TiNi-5-665-D2h,"3,6",ttp,N665,TiNi,True,15,False,"77,120,160,200,233,253,273,298",77K/100bar,True,False
ttp-TiNi-6-614-D2h,ttp-TiNi-6-614-D2h,"3,6",ttp,N614,TiNi,True,15,False,"77,120,160,200,233,253,273,298",77K/100bar,True,False
ttp-TiNi-7-7-D2h-D2d,ttp-TiNi-7-7-D2h-D2d,"3,6",ttp,N7,TiNi,True,15,False,"77,120,160,200,233,253,273,298",77K/100bar,True,False
ttx-TiCo-10-607-D2h-D2d,ttx-TiCo-10-607-D2h-D2d,"3,6",ttx,N607,TiCo,True,16,True,"77,120,160,200,233,253,273,298",,True,True
ttx-TiCo-3-1-D2h,ttx-TiCo-3-1-D2h,"3,6",ttx,N1,TiCo,True,16,True,"77,120,160,200,233,253,273,298",,True,True
ttx-TiCo-7-7-D2h-D2d,ttx-TiCo-7-7-D2h-D2d,"3,6",ttx,N7,TiCo,True,16,True,"77,120,160,200,233,253,273,298",,True,True
ttx-TiCo-8-644-D2h-D2d,ttx-TiCo-8-644-D2h-D2d,"3,6",ttx,N644,TiCo,True,16,True,"77,120,160,200,233,253,273,298",,True,True
ttx-TiCo-9-201-D2h-D2d,ttx-TiCo-9-201-D2h-D2d,"3,6",ttx,N201,TiCo,True,16,True,"77,120,160,200,233,253,273,298",,True,False
ttx-TiMg-10-607-D2h-D2d,ttx-TiMg-10-607-D2h-D2d,"3,6",ttx,N607,TiMg,True,16,True,"77,120,160,200,233,253,273,298",,True,True
ttx-TiMg-3-1-D2h,ttx-TiMg-3-1-D2h,"3,6",ttx,N1,TiMg,True,16,True,"77,120,160,200,233,253,273,298",,True,True
ttx-TiMg-7-7-D2h-D2d,ttx-TiMg-7-7-D2h-D2d,"3,6",ttx,N7,TiMg,True,16,True,"77,120,160,200,233,253,273,298",,True,True
ttx-TiMg-8-644-D2h-D2d,ttx-TiMg-8-644-D2h-D2d,"3,6",ttx,N644,TiMg,True,16,True,"77,120,160,200,233,253,273,298",,True,True
ttx-TiMg-9-201-D2h-D2d,ttx-TiMg-9-201-D2h-D2d,"3,6",ttx,N201,TiMg,True,16,True,"77,120,160,200,233,253,273,298",,True,False
ttx-TiNi-10-607-D2h-D2d,ttx-TiNi-10-607-D2h-D2d,"3,6",ttx,N607,TiNi,True,16,True,"77,120,160,200,233,253,273,298",,True,True
ttx-TiNi-3-1-D2h,ttx-TiNi-3-1-D2h,"3,6",ttx,N1,TiNi,True,16,True,"77,120,160,200,233,253,273,298",,True,True
ttx-TiNi-7-7-D2h-D2d,ttx-TiNi-7-7-D2h-D2d,"3,6",ttx,N7,TiNi,True,16,True,"77,120,160,200,233,253,273,298",,True,True
ttx-TiNi-8-644-D2h-D2d,ttx-TiNi-8-644-D2h-D2d,"3,6",ttx,N644,TiNi,True,16,True,"77,120,160,200,233,253,273,298",,True,True
ttx-TiNi-9-201-D2h-D2d,ttx-TiNi-9-201-D2h-D2d,"3,6",ttx,N201,TiNi,True,14,False,"120,160,200,233,253,273,298",77K/5bar;77K/100bar,True,False
txs-TiCo-8-644-D2h-D2d,txs-TiCo-8-644-D2h-D2d,"4,6",txs,N644,TiCo,True,14,False,"120,160,200,233,253,273,298",77K/5bar;77K/100bar,True,False
txs-TiCo-9-201-D2h-D2d,txs-TiCo-9-201-D2h-D2d,"4,6",txs,N201,TiCo,True,14,False,"120,160,200,233,253,273,298",77K/5bar;77K/100bar,True,False
txs-TiCo-13-600-Td,txs-TiCo-N600-N20-4c-Td,"4,6",txs,N600,TiCo,True,16,True,"77,120,160,200,233,253,273,298",,True,True
txs-TiCo-10-607-D2h-D2d,txs-TiCo-N607-N23-4c-D2d,"4,6",txs,N607,TiCo,True,16,True,"77,120,160,200,233,253,273,298",,True,True
txs-TiCo-11-662-D4h-T,txs-TiCo-N662-N21-4c-Td,"4,6",txs,N662,TiCo,True,16,True,"77,120,160,200,233,253,273,298",,True,True
txs-TiCo-12-693-Td,txs-TiCo-N693-N22-4c-Td,"4,6",txs,N693,TiCo,True,16,True,"77,120,160,200,233,253,273,298",,True,True
txs-TiCo-7-7-D2h-D2d,txs-TiCo-N7-N25-4c-D2d,"4,6",txs,N7,TiCo,True,16,True,"77,120,160,200,233,253,273,298",,True,True
txs-TiMg-8-644-D2h-D2d,txs-TiMg-8-644-D2h-D2d,"4,6",txs,N644,TiMg,True,14,False,"120,160,200,233,253,273,298",77K/5bar;77K/100bar,True,False
txs-TiMg-9-201-D2h-D2d,txs-TiMg-9-201-D2h-D2d,"4,6",txs,N201,TiMg,True,14,False,"120,160,200,233,253,273,298",77K/5bar;77K/100bar,True,False
txs-TiMg-13-600-Td,txs-TiMg-N600-N20-4c-Td,"4,6",txs,N600,TiMg,True,16,True,"77,120,160,200,233,253,273,298",,True,True
txs-TiMg-10-607-D2h-D2d,txs-TiMg-N607-N23-4c-D2d,"4,6",txs,N607,TiMg,True,16,True,"77,120,160,200,233,253,273,298",,True,True
txs-TiMg-11-662-D4h-T,txs-TiMg-N662-N21-4c-Td,"4,6",txs,N662,TiMg,True,16,True,"77,120,160,200,233,253,273,298",,True,True
txs-TiMg-12-693-Td,txs-TiMg-N693-N22-4c-Td,"4,6",txs,N693,TiMg,True,16,True,"77,120,160,200,233,253,273,298",,True,True
txs-TiMg-7-7-D2h-D2d,txs-TiMg-N7-N25-4c-D2d,"4,6",txs,N7,TiMg,True,16,True,"77,120,160,200,233,253,273,298",,True,True
txs-TiNi-8-644-D2h-D2d,txs-TiNi-8-644-D2h-D2d,"4,6",txs,N644,TiNi,True,14,False,"120,160,200,233,253,273,298",77K/5bar;77K/100bar,True,False
txs-TiNi-9-201-D2h-D2d,txs-TiNi-9-201-D2h-D2d,"4,6",txs,N201,TiNi,True,14,False,"120,160,200,233,253,273,298",77K/5bar;77K/100bar,True,False
txs-TiNi-13-600-Td,txs-TiNi-N600-N20-4c-Td,"4,6",txs,N600,TiNi,True,16,True,"77,120,160,200,233,253,273,298",,True,True
txs-TiNi-10-607-D2h-D2d,txs-TiNi-N607-N23-4c-D2d,"4,6",txs,N607,TiNi,True,16,True,"77,120,160,200,233,253,273,298",,True,True
txs-TiNi-11-662-D4h-T,txs-TiNi-N662-N21-4c-Td,"4,6",txs,N662,TiNi,True,16,True,"77,120,160,200,233,253,273,298",,True,True
txs-TiNi-12-693-Td,txs-TiNi-N693-N22-4c-Td,"4,6",txs,N693,TiNi,True,16,True,"77,120,160,200,233,253,273,298",,True,True
txs-TiNi-7-7-D2h-D2d,txs-TiNi-N7-N25-4c-D2d,"4,6",txs,N7,TiNi,True,16,True,"77,120,160,200,233,253,273,298",,True,True
ydq-TiCo-1-10,ydq-TiCo-N10-N1-3c-D3h,"3,6",ydq,N10,TiCo,True,16,True,"77,120,160,200,233,253,273,298",,True,True
ydq-TiCo-13-126,ydq-TiCo-N126-N11-3c-C3h,"3,6",ydq,N126,TiCo,True,13,False,"77,120,160,200,233,253,273,298",77K/100bar;120K/100bar;160K/100bar,True,False
ydq-TiCo-9-130,ydq-TiCo-N130-N10-3c-C3v,"3,6",ydq,N130,TiCo,True,16,True,"77,120,160,200,233,253,273,298",,True,True
ydq-TiCo-2-19,ydq-TiCo-N19-N2-3c-D3h,"3,6",ydq,N19,TiCo,True,16,True,"77,120,160,200,233,253,273,298",,True,True
ydq-TiCo-3-20,ydq-TiCo-N20-N3-3c-D3h,"3,6",ydq,N20,TiCo,True,16,True,"77,120,160,200,233,253,273,298",,True,True
ydq-TiCo-6-225,ydq-TiCo-N225-N4-3c-D3h,"3,6",ydq,N225,TiCo,True,16,True,"77,120,160,200,233,253,273,298",,True,True
ydq-TiCo-10-333,ydq-TiCo-N333-N8-3c-D3,"3,6",ydq,N333,TiCo,True,16,True,"77,120,160,200,233,253,273,298",,True,True
ydq-TiCo-5-386,ydq-TiCo-N386-N5-3c-D3h,"3,6",ydq,N386,TiCo,True,13,False,"77,120,160,200,233,253,273,298",77K/100bar;120K/100bar;160K/100bar,True,False
ydq-TiCo-4-410,ydq-TiCo-N410-N9-3c-D3,"3,6",ydq,N410,TiCo,True,16,True,"77,120,160,200,233,253,273,298",,True,True
ydq-TiCo-11-516,ydq-TiCo-N516-N24-3c-C3,"3,6",ydq,N516,TiCo,True,16,True,"77,120,160,200,233,253,273,298",,True,True
ydq-TiCo-7-592,ydq-TiCo-N592-N6-3c-D3h,"3,6",ydq,N592,TiCo,True,14,False,"77,120,160,200,233,253,273,298",77K/100bar;120K/100bar,True,False
ydq-TiCo-12-639,ydq-TiCo-N639-N7-3c-D3h,"3,6",ydq,N639,TiCo,True,16,True,"77,120,160,200,233,253,273,298",,True,True
ydq-TiCo-TATB,ydq-TiCo-TATB,"3,6",ydq,TATB,TiCo,True,7,False,"120,160,200,233,253,273,298",77K/5bar;77K/100bar;120K/100bar;160K/100bar;200K/100bar;233K/100bar;253K/100bar;273K/100bar;298K/100bar,True,False
ydq-TiMg-1-10,ydq-TiMg-N10-N1-3c-D3h,"3,6",ydq,N10,TiMg,True,16,True,"77,120,160,200,233,253,273,298",,True,True
ydq-TiMg-13-126,ydq-TiMg-N126-N11-3c-C3h,"3,6",ydq,N126,TiMg,True,13,False,"77,120,160,200,233,253,273,298",77K/100bar;120K/100bar;160K/100bar,True,False
ydq-TiMg-9-130,ydq-TiMg-N130-N10-3c-C3v,"3,6",ydq,N130,TiMg,True,16,True,"77,120,160,200,233,253,273,298",,True,True
ydq-TiMg-2-19,ydq-TiMg-N19-N2-3c-D3h,"3,6",ydq,N19,TiMg,True,16,True,"77,120,160,200,233,253,273,298",,True,True
ydq-TiMg-3-20,ydq-TiMg-N20-N3-3c-D3h,"3,6",ydq,N20,TiMg,True,16,True,"77,120,160,200,233,253,273,298",,True,True
ydq-TiMg-6-225,ydq-TiMg-N225-N4-3c-D3h,"3,6",ydq,N225,TiMg,True,16,True,"77,120,160,200,233,253,273,298",,True,True
ydq-TiMg-10-333,ydq-TiMg-N333-N8-3c-D3,"3,6",ydq,N333,TiMg,True,16,True,"77,120,160,200,233,253,273,298",,True,True
ydq-TiMg-5-386,ydq-TiMg-N386-N5-3c-D3h,"3,6",ydq,N386,TiMg,True,13,False,"77,120,160,200,233,253,273,298",77K/100bar;120K/100bar;160K/100bar,True,False
ydq-TiMg-4-410,ydq-TiMg-N410-N9-3c-D3,"3,6",ydq,N410,TiMg,True,16,True,"77,120,160,200,233,253,273,298",,True,True
ydq-TiMg-11-516,ydq-TiMg-N516-N24-3c-C3,"3,6",ydq,N516,TiMg,True,16,True,"77,120,160,200,233,253,273,298",,True,True
ydq-TiMg-7-592,ydq-TiMg-N592-N6-3c-D3h,"3,6",ydq,N592,TiMg,True,14,False,"77,120,160,200,233,253,273,298",77K/100bar;120K/100bar,True,False
ydq-TiMg-12-639,ydq-TiMg-N639-N7-3c-D3h,"3,6",ydq,N639,TiMg,True,16,True,"77,120,160,200,233,253,273,298",,True,True
ydq-TiMg-TATB,ydq-TiMg-TATB,"3,6",ydq,TATB,TiMg,True,7,False,"120,160,200,233,253,273,298",77K/5bar;77K/100bar;120K/100bar;160K/100bar;200K/100bar;233K/100bar;253K/100bar;273K/100bar;298K/100bar,True,False
ydq-TiNi-1-10,ydq-TiNi-N10-N1-3c-D3h,"3,6",ydq,N10,TiNi,True,16,True,"77,120,160,200,233,253,273,298",,True,True
ydq-TiNi-13-126,ydq-TiNi-N126-N11-3c-C3h,"3,6",ydq,N126,TiNi,True,13,False,"77,120,160,200,233,253,273,298",77K/100bar;120K/100bar;160K/100bar,True,False
ydq-TiNi-9-130,ydq-TiNi-N130-N10-3c-C3v,"3,6",ydq,N130,TiNi,True,16,True,"77,120,160,200,233,253,273,298",,True,True
ydq-TiNi-2-19,ydq-TiNi-N19-N2-3c-D3h,"3,6",ydq,N19,TiNi,True,16,True,"77,120,160,200,233,253,273,298",,True,True
ydq-TiNi-3-20,ydq-TiNi-N20-N3-3c-D3h,"3,6",ydq,N20,TiNi,True,16,True,"77,120,160,200,233,253,273,298",,True,True
ydq-TiNi-6-225,ydq-TiNi-N225-N4-3c-D3h,"3,6",ydq,N225,TiNi,True,16,True,"77,120,160,200,233,253,273,298",,True,True
ydq-TiNi-10-333,ydq-TiNi-N333-N8-3c-D3,"3,6",ydq,N333,TiNi,True,16,True,"77,120,160,200,233,253,273,298",,True,True
ydq-TiNi-5-386,ydq-TiNi-N386-N5-3c-D3h,"3,6",ydq,N386,TiNi,True,13,False,"77,120,160,200,233,253,273,298",77K/100bar;120K/100bar;160K/100bar,True,False
ydq-TiNi-4-410,ydq-TiNi-N410-N9-3c-D3,"3,6",ydq,N410,TiNi,True,16,True,"77,120,160,200,233,253,273,298",,True,True
ydq-TiNi-11-516,ydq-TiNi-N516-N24-3c-C3,"3,6",ydq,N516,TiNi,True,16,True,"77,120,160,200,233,253,273,298",,True,True
ydq-TiNi-7-592,ydq-TiNi-N592-N6-3c-D3h,"3,6",ydq,N592,TiNi,True,14,False,"77,120,160,200,233,253,273,298",77K/100bar;120K/100bar,True,False
ydq-TiNi-12-639,ydq-TiNi-N639-N7-3c-D3h,"3,6",ydq,N639,TiNi,True,16,True,"77,120,160,200,233,253,273,298",,True,True
ydq-TiNi-TATB,ydq-TiNi-TATB,"3,6",ydq,TATB,TiNi,True,7,False,"120,160,200,233,253,273,298",77K/5bar;77K/100bar;120K/100bar;160K/100bar;200K/100bar;233K/100bar;253K/100bar;273K/100bar;298K/100bar,True,False
