temperature_K,descriptor,spearman_rho,p_value,n
77,H2_POAV_cm3_g,0.9963918439763843,,384
77,H2_ASA_m2_g,0.9510911145807732,,384
77,density_g_cm3,-0.9921452731341766,,384
77,PLD_A,0.8919014960020387,,384
120,H2_POAV_cm3_g,0.994839885573301,,384
120,H2_ASA_m2_g,0.9656927081475656,,384
120,density_g_cm3,-0.9912138449018344,,384
120,PLD_A,0.867567587758109,,384
160,H2_POAV_cm3_g,0.9928625269359937,,384
160,H2_ASA_m2_g,0.9685704656394197,,384
160,density_g_cm3,-0.9890540758197416,,384
160,PLD_A,0.8613149383135407,,384
200,H2_POAV_cm3_g,0.9883285277280783,,384
200,H2_ASA_m2_g,0.966497831652965,,384
200,density_g_cm3,-0.9880393594655997,,384
200,PLD_A,0.8574197878918469,,384
233,H2_POAV_cm3_g,0.9871809856911632,,384
233,H2_ASA_m2_g,0.9617674528635082,,384
233,density_g_cm3,-0.9874724492217966,,384
233,PLD_A,0.8612781686191439,,384
253,H2_POAV_cm3_g,0.9875659018971179,,384
253,H2_ASA_m2_g,0.9589789298051865,,384
253,density_g_cm3,-0.9872505594927266,,384
253,PLD_A,0.8655500229704638,,384
273,H2_POAV_cm3_g,0.9874991350442127,,384
273,H2_ASA_m2_g,0.956453446965425,,384
273,density_g_cm3,-0.9862858583974772,,384
273,PLD_A,0.8692034682828814,,384
298,H2_POAV_cm3_g,0.9865921656360191,,384
298,H2_ASA_m2_g,0.9536217903982581,,384
298,density_g_cm3,-0.9846595147672171,,384
298,PLD_A,0.8712513389281562,,384
