temperature_K,quantity,n,q25,median,q75
77,loading_5bar_mg_g,395,26.590094999999998,36.44101,39.014565000000005
77,loading_100bar_mg_g,395,41.12413,73.84253,103.92925
77,working_capacity_mg_g,395,14.198889999999999,35.864290000000004,67.433115
120,loading_5bar_mg_g,395,9.402460999999999,10.86639,13.513725
120,loading_100bar_mg_g,395,28.165595000000003,47.42928,62.052845000000005
120,working_capacity_mg_g,395,17.505989500000002,34.66337,49.394505
160,loading_5bar_mg_g,395,5.0509115,5.630673,7.74153
160,loading_100bar_mg_g,395,20.49323,31.55961,41.67888
160,working_capacity_mg_g,395,14.095388,25.518942,33.999450499999995
200,loading_5bar_mg_g,395,3.5513055,3.930328,4.7216115
200,loading_100bar_mg_g,395,15.088405,22.48296,30.220950000000002
200,working_capacity_mg_g,395,10.6023155,18.571801999999998,25.701197
233,loading_5bar_mg_g,395,2.5705359999999997,2.904797,3.4583895
233,loading_100bar_mg_g,395,11.988275,17.66073,23.840780000000002
233,working_capacity_mg_g,395,8.9331055,14.864756,20.756952
253,loading_5bar_mg_g,395,1.986637,2.278932,2.8340129999999997
253,loading_100bar_mg_g,395,10.575295,15.54107,21.007170000000002
253,working_capacity_mg_g,395,8.020176500000002,13.308406999999999,18.469625999999998
273,loading_5bar_mg_g,395,1.509563,1.749653,2.25535
273,loading_100bar_mg_g,395,9.3855665,13.89379,18.73536
273,working_capacity_mg_g,395,7.47205515,12.018415000000001,16.848769500000003
298,loading_5bar_mg_g,395,1.0726870000000002,1.217107,1.6756630000000001
298,loading_100bar_mg_g,395,8.1109515,11.98566,16.431715
298,working_capacity_mg_g,395,6.687152,10.739948,14.999940500000001
